language	premise_en	hypothesis_en	premise	hypothesis	label	confidence	p_entailment	p_neutral	p_contradiction
Mundari	Singi - Come on.	"""Come on."""	सिनगी-दोलङ ।	‘‘दोला!’’	entailment	0.974944	0.974944	0.021197	0.00386
Gondi	Sea level is rising due to climate change	Climate change had an impact on the earth.	जलवायु बदले मायना ता कारेन ते समुंद ता डेरा बर्रसोर दायता।	येर वड़ी ता बदलेमायना दरती ते	entailment	0.94604	0.94604	0.053368	0.000592
Mundari	Woman: Yes	"""Yes!"""	कुड़िहोन- हे सयोब	"""हे!"""	entailment	0.939685	0.939685	0.056876	0.00344
Mundari	Friends, The four Amrit pillars of Amrit Kaal, our Nari Shakti, our Yuva Shakti, our Krishi Shakti and the strength of our poor-middle class, will definitely take India to new heights and make a developed India.	We both are talking to each other.	सोंगेको, निरक बेड़ा रअः उपुन खुंटा, अबुअः एरापेड़ें, अबुअः दंगड़ा-दंगड़ि कोअः पेड़ें, अबुअः खेति पेड़ें, ओड़ोः अबुअः रेंगें-रबङ-तला रेन गुनपेड़ें, भारत के ठउका गे नवा रनाकब रे इदिअः, उबरओ भारत बइअः।	अलङ दङ कपजिजना ।	entailment	0.935377	0.935377	0.050579	0.014044
Santali	One who was a thief brought up, and brought up another as one.	Moved forward in a row.	ᱢᱤᱫᱴᱟ.ᱝ ᱢᱤᱨᱩ ᱫᱚ ᱠᱩᱢᱲᱩᱭ ᱟ.ᱥᱩᱞ ᱠᱮᱫᱮᱭᱟ, ᱫᱚᱥᱟᱨᱤᱡ ᱫᱚ ᱢᱤᱫᱴᱟ.ᱝ ᱥᱟᱫᱷᱩ ᱮ ᱟ.ᱥᱩᱞ ᱠᱮᱫᱮᱭᱟ	ᱫᱟᱨᱵᱷᱟ ᱨᱮ ᱟᱲᱜᱳᱱ ᱠᱚ ᱞᱟᱦᱟ ᱛᱮ ᱦᱟᱹᱡᱩᱜ ᱢᱮ	entailment	0.84904	0.84904	0.132215	0.018744
Mundari	what lists do i have for work	You had somewhere for them to go.	आइंग तअः रे कमि रअः ओकोन सूची मेनअः	उठावोनमेम मेतअ:इ।	entailment	0.836572	0.836572	0.15033	0.013098
Santali	In response to why George Karlson is special, he said, Hes really a master in causing his skills to succeed.	His voice came up, sir.	ᱠᱟᱨᱞᱥᱮᱱ ᱪᱮᱫᱟᱜ ᱵᱤᱥᱮᱥ ᱜᱮᱭᱟ ᱚᱱᱟ ᱨᱮᱭᱟᱜ ᱛᱮᱞᱟ ᱮᱢ ᱠᱟᱛᱮ ᱟᱱᱚᱱᱫᱚᱭ ᱢᱮᱱ ᱠᱮᱫᱟ, ᱩᱱᱤ ᱫᱚ ᱟᱥᱚᱞ ᱨᱮᱜᱮ ᱟᱡᱟᱜ ᱠᱟᱹᱭᱫᱩᱥ ᱢᱩᱪᱟᱹᱫ ᱞᱟᱹᱜᱤᱫ ᱛᱮ ᱜᱟᱹᱠᱷᱩᱲᱟᱱ	ᱩᱱᱤᱭᱟᱜ ᱟᱲᱟᱝ ᱟᱸᱡᱚᱢ ᱠᱟᱛᱮ ᱥᱟᱦᱮᱵᱟᱜ ᱵᱚᱦᱚᱜ ᱨᱮᱭᱟᱜ ᱩᱵ ᱨᱟᱠᱟᱵ ᱮᱱᱟ	entailment	0.820801	0.820801	0.174975	0.004223
Santali	Their zeal for their might, courage, and the land of ungodliness inspires us.	By 1920, the Nazis described the city as surpicion more than the city. After the first world war, H.M.S. H. H.S. H.S. H. H. H. H. H. H. H. H. H. H. H. H. H. H. H. H. H. H. H. H. H. H.	ᱩᱱᱠᱩᱭᱟᱜ ᱵᱤᱨ, ᱫᱟᱲᱮ ᱟᱨ ᱫᱤᱥᱚᱢ ᱫᱷᱚᱨᱚᱢ ᱪᱮᱛᱟᱱ ᱩᱱᱠᱩᱭᱟᱜ ᱮᱥᱮᱨ ᱫᱚ ᱟᱢ ᱠᱚ ᱮᱥᱮᱨᱼᱟ	᱑᱙᱒᱐ ᱥᱟᱞ ᱢᱩᱫᱽᱨᱮ ᱵᱨᱤᱴᱤᱥ ᱠᱚ ᱢᱚᱫᱤᱱᱟ ᱫᱚ ᱢᱚᱠᱠᱟ ᱠᱷᱚᱱ ᱵᱟᱹᱲᱛᱤ ᱟᱯᱱᱟᱨ ᱦᱮᱸ ᱥᱟᱹᱨᱤ ᱞᱮᱠᱟᱛᱮᱠᱚ ᱵᱚᱨᱱᱚᱱ ᱞᱮᱫᱟ ᱯᱳᱭᱞᱳ ᱡᱮᱜᱮᱫ ᱞᱟᱹᱲᱦᱟᱹᱭ ᱛᱟᱭᱚᱢ ᱦᱟᱥᱢᱤᱛ ᱥᱟᱭᱤᱱᱫ ᱦᱩᱥᱮᱱ ᱵᱤᱱ ᱟᱞᱤ ᱫᱚ ᱯᱷᱩᱨᱜᱟᱹᱞ ᱦᱮᱡᱟᱡᱽ ᱨᱮᱱ ᱨᱟᱡᱟ ᱠᱚ ᱞᱟᱹᱭ ᱥᱚᱫᱚᱨ ᱠᱮᱫᱮᱭᱟ ᱱᱚᱣᱟ ᱛᱟᱭᱚᱢ ᱜᱮ, ᱑᱙᱒᱔ ᱥᱟᱞ ᱨᱮ ᱩᱱᱤ ᱤᱵᱚᱱ ᱥᱩᱫ ᱴᱷᱮᱱᱮ ᱦᱟᱨᱟᱣ ᱮᱱᱟ, ᱡᱟᱸᱦᱟᱭ ᱫᱚ ᱢᱚᱫᱤᱱᱟ ᱟᱨ ᱥᱟᱱᱟᱢ ᱦᱮᱡᱟᱡᱽ ᱫᱚ ᱱᱟᱦᱟᱜ ᱥᱳᱣᱫᱤ ᱟᱨᱚᱵᱽ ᱨᱮᱱᱟᱜ ᱨᱟᱡᱽᱯᱟᱴ ᱨᱮᱭ ᱢᱤᱫ ᱠᱮᱫᱮᱭᱟ	entailment	0.813873	0.813873	0.078313	0.107814
Mundari	"Old man - ""What excuse am I making?"""	Roto - Why are you saying that? Tell us.	बुड़िअ, ‘‘चेनअः कोअइङ बा’नाजदा?’’	रोटो - अपे मेनने चिअःम कजितना ?	entailment	0.795315	0.795315	0.132323	0.072362
Gondi	Generations in the villages of India have been draped in the mantle of tradition.	Relationships in India are cemented by tradition.	भारत तंग नाहक ने पीढ़ी ता दारा ता चदेर मुच मन्‍ता।	भारत ते संबंध दारा तह बने आयता।	entailment	0.777088	0.777088	0.222381	0.000531
Gondi	Thorns can sting in the bushes of the forest.	Directions are connected to the laws of nature.	कोट्टुम तंग पोदेला ने हापिंग गडला पर्रयतंग।	कोटुहक् पुरूड़ ता रीतक् मे जोड़े मास मन्‍तंग।	entailment	0.739632	0.739632	0.25555	0.004818
Mundari	Gwalior serves traditional vegetarian and non-vegetarian food under royal customs.	Sanskrit Kut Dhatu has a sense of shelter.	ग्वालियर रे शाही नेग को लेकाते पारंपरिक अड़अः जोमेअः ओड़ोः जिलु जोमेअः जोमेअः को हटिंगओ: तना।	संस्कृत रअः कुट् धातु रे आश्रय रअः भाव मेनअः।	entailment	0.720752	0.720752	0.215923	0.063325
Mundari	There should not be any district in India, any block in India, where new start-ups have not been started in the coming days.	Nayage Wurrrrrrrrrrrrrrrrrrrrrrrrrrrrrrrrrrrrrrrrrrrrrrrrrrrrrrrrrrrrrrrrrrrrrrrrrrrrrrrrrrrrrrrrrrrrrrrrrrrrrrrrrrrrrrrrrrrrrrrrrrrrrrrrrrrrrrrrrrrrrrrrrrrrrrrrrrrrrrrrrrrrrrrrrrrrrrrrrrrrrrrrrrrrrrrrrrrrrrrrrrrrrrrrrrrrrrrrrrrrrrrrrrrrrrrrrrrrrrrrrrrrrrrrrrrr	हिंदुस्तान रअः जेतन जिला 'हिंदुस्तान रअः जेतन ब्लॉक एनका अलोका तइनो का ओकोतअः हिजुः तन सोमोय रे नवा Start up का एटेः कना।	बुरू के प्रारंभ होने के यही गीत हैं और आजतक यही गीत गाये जाते हैं दूसरे बुरू उसी को देख कर किये जाते हे।	entailment	0.709512	0.709512	0.233096	0.057392
Bhili	He began to attend regular meetings at the Kingdom Hall of Jehovahs Witnesses, where both the Hebrew Scriptures and the Christian Greek Scriptures are carefully studied.	Rahul raised his hand.	उनूये यहोवा ना पोदिया ना गृह राज्य मां रोज ने रूप में मीटिंग्यो मा आवा नू शालू कर दे दो तय इब्राहिम शास्त्र अन मसीही यूनानी शास्त्र इन बेहै नू हम्मालिन भणी ग्यो	राहुलें हाथ उठाड़यो ।	entailment	0.702634	0.702634	0.223235	0.074131
Gondi	og jkT;; kstuk cksMZ dk v /; {k gksrk gSA	A change in direction changes perspective.	अद राज्य योजना बोर्ड तो अध्यक्ष आयतोर।	वेड़का ते बदलेह कियना ते हूड़ना बदले मांता।	entailment	0.685497	0.685497	0.312338	0.002164
Santali	If I had insurance, I could just get trapped or get trapped in a fire, you know?	known location.	ᱤᱧ ᱵᱟᱥ ᱨᱮᱧ ᱟᱴᱚᱠ ᱫᱟᱲᱮᱭᱟᱜᱼᱟ ᱥᱮ ᱥᱮᱸᱜᱮᱞ ᱨᱮᱧ ᱟᱴᱚᱠ ᱫᱟᱲᱮᱭᱟᱜᱼᱟ ᱡᱚᱠᱷᱚᱱ ᱤᱧᱟᱜ ᱵᱤᱢᱟ ᱛᱟᱦᱮᱸ ᱠᱟᱱᱟ, ᱟᱢᱮᱢ ᱵᱟᱰᱟᱭᱟ ?	ᱧᱩᱛᱩᱢᱟᱱ ᱡᱟᱭᱜᱟ ᱠᱚ	entailment	0.685345	0.685345	0.11247	0.202185
Mundari	Ruta - What else will happen?	So what are you thinking of next?	रुडा - चेकाओअड़ोः ?	दो अयर ते चिनअःम पहम जदा ?	entailment	0.671914	0.671914	0.326045	0.00204
Mundari	Both the volumes of the Jharkhand Movement document are important not only because reading these documents gives one an opportunity to get acquainted with the documents submitted for the formation of Jharkhand in different periods, but also because each of these documents, articles, opens up new directions of research and discussion.	Both of them should be asked.	झारखण्ड आंदोलन रेअः दस्तावेज रेन बरन खण्ड न दो एसकर एना मेनते गोनोङअन मेनअः चि दस्तावेज को के पढ़वे तन लोः ते बिनगा कालखण्ड को रे झारखण्ड गठन नङ मेनते जिमा कन दस्तावेज कोआते इतुन रेअः मौका नमोः तना, मेन्दो एना मेनते ओ ने दस्तावेज को रअः महत्व पोसाओ तना चि नेआ रेअः मिमियद् दस्तावेज, लेख, शोध ओड़ोः उडुः रेअः नवीन दिशा को रअः उद्घाटन रिका जदाको।	परका परकारेगेकिड. कुलित्र्प्रोःका।	entailment	0.654515	0.654515	0.314178	0.031307
Santali	What should I do to make cheese cheese cheese?	To him was the profit of a garmenty category.	ᱯᱤᱱᱤᱨ ᱯᱚᱨᱟᱱᱛᱷᱟ ᱵᱮᱱᱟᱣ ᱞᱟᱹᱜᱤᱫ ᱤᱧ ᱪᱮᱫ ᱞᱟᱹᱠᱛᱤ ᱠᱟᱱᱟ?	ᱚᱱᱟ ᱥᱚᱢᱵᱚᱸᱫᱷ ᱛᱮ, ᱴᱮᱠᱥᱤᱞ ᱮᱯᱳᱨᱴᱟᱨ ᱠᱚᱣᱟᱜ ᱵᱷᱤᱛᱨᱤ ᱫᱚ ᱛᱟᱞᱟ ᱛᱷᱚᱠ ᱠᱚᱣᱟᱜ ᱵᱷᱤᱛᱨᱤ ᱨᱮ ᱛᱟᱦᱮᱸ ᱠᱟᱱᱟ	entailment	0.650724	0.650724	0.153354	0.195923
Santali	What shall he do to the enemy?	What?	ᱵᱟᱹᱭᱨᱤ ᱠᱚ ᱥᱟᱶ ᱪᱮᱫ ᱞᱮᱠᱟ ᱵᱮᱣᱦᱟᱨ ᱦᱩᱭᱩᱜᱼᱟ	ᱪᱮᱫ ?	entailment	0.647035	0.647035	0.118012	0.234953
Gondi	I make concrete effects without concrete form - tell me what I am?	I am silent but I give the message - tell me who I am?	नन्‍ना बिना मिर्रकले मुहरेन ते मिर्रकले असर किययतोना-वेहट नन्‍ना बाता आंदन ?	नन्‍ना चुमुक ले मंतोना मति कबिर हिययतोना- वेहट नन्‍ना बोर आंदन?	entailment	0.644857	0.644857	0.342887	0.012256
Mundari	It is with this thought that these variations in spelling are explained here - once a Munda Kavi-Sammelan was held at St. Paul's College Ranchi.	He told me.	नेआ उड़ु: केद् तेगे नेतअ: रे बनि-सोनोतो: रेअ: ने भेद उदुबाकना - मिसा संत पॉल्स कॉलेज राँची रे मियद् मुण्डा कवि-सम्मेलन तइकेना।	इनि काजि केद गे।	entailment	0.644504	0.644504	0.280992	0.074504
Mundari	"""You are disgusting!"""	The sound that comes out of the mouth at one or another time is formed from it.	"""हिलङअम गेअ!"""	होबाओः होबाओ: लोः ते जांन जांन मोचा सड़ा एनाते गे बइओ: तना।	entailment	0.594592	0.594592	0.402575	0.002833
Mundari	But a new responsibility had come.	Yes, both are called.	मेनदो मियद नवा जिमा हिजुः लेना।	हे, बरन किं रगोः तना।	entailment	0.577428	0.577428	0.386957	0.035616
Bhili	When he was a young boy, Tendulkar was considered a bully, and often picked fights with the new kids at his school.	Genetic changes can occur at different levels and by different mechanisms.	जेर त्यो नानो चोरो हतेली तेर तेन्दुलकर ने बदमाश मानते ला अने त्यो आपडी स्कूल नवा चोरा हाते लडाई मुल ली लेते लो।	आनुवांशिक बदलाव मोटा स्तर पर अने घणा तंत्रों ही था सके से।	entailment	0.575474	0.575474	0.421956	0.00257
Mundari	It's in the village, I'll take you.	Feel free to hit on.	हतुरे गे मेनइञ अइञ अमेञ् इदि मेआ।	मेनदो थाम् नातिन् आलोम उड़ुगा।	entailment	0.575017	0.575017	0.386262	0.038721
Santali	Harvests such as wheat and corn are the basis of our countrys food safety and are true leaders who destroy the hunger of the nations.	A persons behavior is different from that of others.	ᱜᱩᱦᱩᱢ ᱟᱨ ᱦᱩᱲᱩ ᱞᱮᱠᱟᱱ ᱢᱩᱬᱩᱫ ᱟᱨᱡᱟᱣ ᱟᱵᱚᱣᱟᱜ ᱫᱤᱥᱚᱢ ᱨᱮᱭᱟᱜ ᱡᱚᱢᱟᱜ ᱨᱩᱠᱷᱤᱭᱟᱹ ᱨᱮᱭᱟᱜ ᱵᱩᱱᱤᱭᱟᱹᱫ ᱠᱟᱱᱟ ᱟᱨ ᱱᱚᱶᱟ ᱠᱚ ᱪᱟᱥ ᱠᱟᱱ ᱪᱟᱹᱥᱤ ᱠᱚ ᱫᱤᱥᱚᱢ ᱨᱮᱭᱟᱜ ᱨᱮᱸᱜᱮᱡᱽ ᱢᱮᱴᱟᱣ ᱨᱮᱱ ᱥᱟᱹᱨᱤ ᱱᱟᱭᱚᱠ ᱠᱟᱱᱟ ᱠᱚ	ᱦᱚᱲ ᱠᱚ ᱧᱮᱞ ᱞᱮᱠᱷᱟᱱ ᱩᱱᱠᱩᱣᱟᱜ ᱵᱮᱵᱷᱟᱨ ᱦᱩᱭᱩᱜᱼᱟ	entailment	0.571937	0.571937	0.236858	0.191205
Bhili	He said that this is also necessary in the sense that India's progress depends on the progress of its states and this will strengthen the federal structure.	I'm moving forward.	उन्होंने किदु कि इस लिहाज से भी खास से कि भारत देश नी प्रगति या उन्नती ऐना राजयो नी प्रगति पर निर्भर थाय से। अने संघीय ढांचे केन्द्रीय ढांचे ने मजबूती मलसे।	हुं अगाडी वदी रयो से।	entailment	0.568028	0.568028	0.419377	0.012595
Gondi	Friends, Today, our countrymen are making such things possible through their innovation.	Brothers and sisters,	गोतियालोरीट, नेंड मावा देश ते मनवालोर आपूना पूना गोचुर ते इदमनंग बीडारिंग अविहला पर्रहयता।	तमोह-हेलोहनीट,	entailment	0.564411	0.564411	0.297067	0.138522
Mundari	One day, he thought of fishing.	These changes have not come about on their own.	मुसिङ हई गो-ए को मोने केदा। पुरः गे हई को गो-ए केद् कोवा।	निअः बदलाओकोः नेकातेगे काहोबाकना।	entailment	0.563465	0.563465	0.319819	0.116716
Santali	Who made the pools fit together for the pool and the well, so that water should be saved, and that water should be available enough for the pool?	Then we assume.	ᱪᱟᱹᱥᱤ ᱠᱚ ᱢᱤᱫ ᱥᱟᱶᱛᱮ ᱯᱩᱠᱷᱨᱤ ᱟᱨ ᱠᱩᱧ ᱠᱚ ᱥᱟᱯᱷᱟ ᱞᱮᱫᱟ, ᱡᱟᱦᱟᱸᱛᱮ ᱫᱟᱜ ᱡᱟᱣᱨᱟ ᱦᱩᱭᱩᱜᱼᱟ ᱟᱨ ᱫᱟᱜ ᱯᱟᱴᱟᱣ ᱞᱟᱹᱜᱤᱫ ᱡᱚᱛᱷᱮᱥᱴᱚ ᱯᱚᱨᱤᱢᱟᱱ ᱫᱟᱜ ᱧᱟᱢᱚᱜᱼᱟ	ᱚᱱᱟ ᱛᱟᱭᱚᱢ, ᱚᱱᱟ ᱫᱚ ᱦᱩᱭᱩᱜ ᱠᱟᱱᱟ	entailment	0.558337	0.558337	0.340234	0.101429
Gondi	They must be reading the local news.	It is necessary to introduce children to local literature.	ओर अगाडय कबीर पड़हे कीसोर मंदर होही।	पीलानुंग साहित्य तह परिचित कियना जरूरी आन्द।	entailment	0.554893	0.554893	0.438773	0.006334
Santali	Work on day by night gained high altitude educational abilities, but here, too, educational abilities are not being accomplished.	W. Worves These rivers work in traffic passengers or objects travel through ships and rivers using these rivers.	ᱥᱤᱧ ᱪᱟᱸᱫᱚ ᱦᱤᱞᱚᱜ ᱠᱟᱹᱢᱤ ᱠᱟᱛᱮᱫ ᱯᱟᱲᱦᱟᱣ ᱠᱟᱛᱮᱫ ᱞᱟᱯᱷᱟᱝ ᱞᱟᱯᱷᱟᱝ ᱥᱮᱪᱮᱫ ᱨᱮᱭᱟᱜ ᱫᱟᱲᱮ ᱧᱟᱢ ᱟᱠᱟᱫᱟ, ᱢᱮᱱᱠᱷᱟᱱ ᱱᱚᱸᱰᱮ ᱦᱚᱸ ᱥᱮᱪᱮᱫ ᱨᱮᱭᱟᱜ ᱫᱟᱲᱮ ᱠᱟᱹᱢᱤ ᱨᱮ ᱵᱟᱝ ᱦᱮᱡ ᱟᱠᱟᱱᱟ	᱒ᱹ ᱫᱟᱜ ᱰᱟᱦᱟᱨ ᱠᱷᱟᱞ ᱠᱚ ᱺ ᱱᱚᱶᱟ ᱠᱷᱟᱞ ᱠᱚ ᱥᱟᱜᱟᱲᱚᱢ ᱨᱮ ᱠᱟᱹᱢᱤ ᱨᱮ ᱦᱤᱡᱩᱜᱼᱟ ᱱᱚᱶᱟ ᱠᱷᱟᱞ ᱠᱚ ᱵᱮᱣᱦᱟᱨ ᱠᱟᱛᱮ ᱡᱟᱦᱟᱡᱽ ᱟᱨ ᱞᱟᱹᱣᱠᱟᱹ ᱛᱮ ᱦᱚᱲ ᱥᱮ ᱡᱤᱱᱤᱥ ᱠᱚ ᱥᱟᱜᱟᱲᱚᱢ ᱠᱚᱣᱟ ᱱᱚᱶᱟ ᱠᱷᱟᱞ ᱠᱚ ᱱᱟᱦᱟᱜ ᱫᱟᱨᱦᱟ, ᱱᱟᱹᱭ ᱟᱨ ᱫᱚᱨᱭᱟ ᱠᱚ ᱡᱚᱲᱟᱣ ᱮᱫᱟ ᱡᱮᱞᱮᱠᱟ ᱧᱩᱛᱩᱢᱟᱱ ᱥᱩᱭᱮᱡᱽ ᱟᱨ ᱯᱟᱱᱟᱢᱟ ᱠᱷᱟᱞ	entailment	0.544324	0.544324	0.421035	0.034641
Mundari	Cookie dude! '	104. Small pot food packed - dummer	‘कुकी सोंगे!’’	104. बहंडा मंडि लेबेद्-तुबिद्। - अंड़ि	entailment	0.535363	0.535363	0.235051	0.229586
Gondi	What are the difficulties faced in cooking food in a wood stove?	The lines of latitude measure the Earth north-south.	वेर्रकिंग बित्ती होयदे लते गाटो अटतेक बांवा पिस्काट आयायता।	अक्षांश रेकांग पिरती तुन बंडार-रक्साल ते कहयतंग।	entailment	0.532807	0.532807	0.379252	0.087941
Mundari	He can exploit the political crowd and its weaknesses - and, well, the politician's need for'success'against this or that'enemy '.	Kuri hon kaji keda chi ela dada janav do kaj borova pe tanate chi तिसिड.गे borova pe aa.	इनिः राजनीतिक भीड़ ओड़ोः इनिअः कमजोरिको रअः फायदा अउ दड़िअः-ओड़ोः राजनेता गअः नेअ च एन 'दुश्मन' रअः खिलाफ 'सफलता' रअः जरुड़ु के मजा लेका मुंडि दड़िअः।	भाइयों ने भीतर से कहा, तुम दरवाजा मत खोलो, आज हमें देखकर डर जाओगी।	entailment	0.527308	0.527308	0.107313	0.365378
Bhili	He thought they made purses and handkerchiefs.	Row sowing: In this method, seeds are sown in evenly spaced rows.	तिनांन लागें से कि त्‍यो पर्स अनें रूमाल बणांवें से।	साहडा मा ओखा इनी विधि मा बी नी बराबर सेटी वाला साहडा मा औरे से	entailment	0.520459	0.520459	0.406164	0.073376
Mundari	However, the team was disbanded after the season due to conflicts of interest among its franchises.	You leave!	मेनदो, अपन मताधिकार कोअः तला रे हित-संघर्ष रअः कारण ते ने टीम के सत्रअः तयोम ते बिनगा रिका लेद कोअः।	"बगेतम! """""	entailment	0.518454	0.518454	0.10203	0.379516
Gondi	We are the people who see Shankar in the pebbles.	Let's say your experience helped.	माट ओर मानैय आन्दोम, जो गोट-कंकाड़िने शंकर बगवान हुड़यतोरोम।	दट, निय्या बिचर इपे काम वात,	entailment	0.517185	0.517185	0.477886	0.004929
Gondi	I'm going to my mom's house tomorrow.	Teachers imparted knowledge to the students.	नन्ना नाड़ यायाना लोते दाका ।	गुरूजी पीलानुंग बुद्द हियना कीन्दुर।	entailment	0.515845	0.515845	0.414047	0.070107
Gondi	The Indian Constitution recognizes linguistic and cultural diversity.	In the language of India, the word is preceded by the word.	भारतीय संविधान भाषायी अन सांस्कृतिक विविधता तुन पहचान कियान्ता	भारत तंग पोल्‍लो ने टप्‍पी ना मुने पुलेंग वान्‍ता।	entailment	0.51206	0.51206	0.342572	0.145369
Gondi	Consuming tamarind strengthens the immune system.	People were talking.	हिता तितेक इम्यून सिस्टम मजबूत आनसा ।	मानेय इन्जोर मंदुर।	entailment	0.510992	0.510992	0.487051	0.001957
Gondi	The people of India democratically lifted the Emergency and restored democracy.	Events that occur in society are shaped by the influence of circumstances.	भारत तोर मानेयक लोकतंात्रिक तरीका ते ही जरूरी तुन गुचिहच मंजल मलस लोकतंत्र तुन गुचिहच मंजल मलस लोकतंत्र तुन स्ािापना कीतुर।	बुमकल ते आलहन आयनंग अवसनिंग हालेतिनहक असेर ते वास लेहका ओयतंग।	entailment	0.509339	0.509339	0.47718	0.013481
Santali	Sirmed Idani, in Islam a Jew and a Sufi Trinityist, was accused of heresy and hanged.	This affected one person.	ᱤᱥᱞᱟᱢ ᱫᱷᱚᱨᱚᱢ ᱨᱮ ᱟᱹᱨᱩᱯᱷᱮᱨᱟᱣ ᱟᱠᱟᱱ ᱢᱤᱫ ᱤᱦᱩᱫᱤ ᱟᱨ ᱥᱩᱯᱷᱤ ᱱᱤᱨᱚᱲ ᱦᱚᱲ ᱥᱚᱨᱢᱚᱫ ᱠᱟᱥᱟᱱᱤ ᱵᱤᱨᱩᱫᱷ ᱨᱮ ᱫᱷᱚᱨᱚᱢ ᱵᱟᱹᱲᱤᱡ ᱨᱮᱭᱟᱜ ᱞᱟᱹᱞᱤᱥ ᱟᱹᱜᱩ ᱦᱩᱭ ᱞᱮᱱᱟ ᱟᱨ ᱩᱱᱤ ᱜᱚᱡᱽ ᱨᱮᱭᱟᱜ ᱥᱟᱥᱮᱛ ᱮᱢ ᱦᱩᱭ ᱞᱮᱱᱟ	ᱱᱚᱣᱟ ᱛᱮ ᱢᱤᱫ ᱦᱚᱲ ᱮ ᱜᱷᱟᱹᱞ ᱞᱮᱱᱟᱭ	entailment	0.508523	0.508523	0.489444	0.002033
Gondi	Then we met Amresh Agarwal ji, so he did my angiography.	You told a story.	पेर मीले मातोम माह अमरेश अग्रवाल जी ना संग अस्के ओर नावा नतुह दायनंग सीशना एक्स रे कीतुर ।	निम्मा उन्द पीट्टोंग केन्जीच मत्तोन।	entailment	0.507468	0.507468	0.149824	0.342708
Mundari	Baranda Bonga	Dear countrymen,	बड़ंदा बोंगा	दुलाङ दिसुम रे तइन तन होड़ो को,	entailment	0.507128	0.507128	0.41812	0.074752
Gondi	A tehsil is an administrative unit.	She was participating.	तहसील उन्द प्रशासनिक इकाई आन्द।	अद हिस्सा एत्सोर मन्तोर।	entailment	0.493685	0.493685	0.461134	0.045181
Gondi	Kinship arrangements were important in our community.	The topmost part of the wall is rounded off rather than square.	मावा गोहोड ते नत्ता-गोत्ता व्यवस्ता ता कुबेय मुक मत्ता।	गुड ता सबसे पोर्रो तगा नलूग ललू कोर्र दा आयो गुरियल किय तोर्र	entailment	0.48991	0.48991	0.445478	0.064612
Mundari	Do you find any difference in their voices?	"Urmila Kajia, a lab technician from Bangalore, said, ""No, no, no, no, no, no, no, no, no, no, no, no, no, no, no, no, no, no, no, no, no, no, no, no, no, no, no, no, no, no, no, no, no, no, no, no, no, no, no, no, no, no, no, no, no, no, no, no, no, no, no, no, no, no, no, no, no, no, no, no, no, no, no, no, no, no, no, no, no, no, no, no, no, no, no, no, no, no, no, no, no, no, no, no, no, no, no, no, no, no, no, no, no, no, no, no, no, no, no, no, no, no, no, no, no, no, no, no, no, no, no, no, no, no, no, no, no, no, no, no"	चनअः अपे इनकुअः आवाज कोरे जान अन्तर पे नमेआ ?	मुझे बैंगलुरु से उर्मिला जी ने कहा है कि उनके पति Lab technician हैं, और ये भी बताया है कि कैसे इतनी चुनौतियों के बीच वो लगातार testing का काम करते रहे हैं।	entailment	0.480633	0.480633	0.476344	0.043024
Gondi	He has been a pioneer of new research programmes.	I am asking you something.	वेर पुना शुद्ध कार्यक्रम त पण्डाना आन्द ।	नना नीकून अचून पूचे मानतोना।	entailment	0.480604	0.480604	0.396346	0.12305
