English,Hindi,Gondi
Birds were flying in the sky.,पक्षी आसमान में उडरहे थे।,पिट्टेंग बूम पोर्री पर्रियसोर मंदुंग।
"My dear countrymen, Namaskar!","मेरे प्यारे देशवासियो, नमस्कार!",नावा लाडरह देस बितोर ‘सेवा -जोहार
"This year, the largest number of Indians will go to Haj, the people of these states have applied the most","इस साल सबसे अधिक संख्या में भारतीय करेंगे हज यात्रा, इन राज्यों के लोगों ने किया सबसे ज्यादा आवेदन",इंद वरसा सबसे ज्यादा जन लोर भारत तीगाडोर कियानुर हज दायाना। इवेहना राज्य तालोर कितोर सबसे ज्यादा कागज
We'll be playing after school.,हम स्कूल के बाद खेल रहे होंगे।,माट इसकुल त पर्रेक कर्रस्योर कियाना कीसोर मन्दाकट होही।
The Taragarh Fort in Ajmer is of archaeological importance.,अजमेर का तारागढकिला पुरातात्विक दृटि से महत्वपूर्ण है,अजमेर ता तारागढ़ महल पुरातात्विक दृटि तह कुबैय बेस आंद।
Kadhi pakora is a famous North Indian dish.,कढ़ी पकौड़ा एक प्रसिद्ध उत्तर भारतीय व्यंजन है,कड़ही पुल्ला बजियंग उद नामजागी रक्सल भारत ता तिदंना आंद।
I haven't been writing since last night.,मैं रात से लिख नहीं रहा हूँ।,नन्ना नुल्पे डह कोटोने।
Will they be serving food?,क्या वे खाना परोस रहे होंगे?,बाता वेर गाटो तूससोर मंदानुर आयर ?
This will be my home.,यह मेरा घर होगा।,इद नावा लोन आयर ।
Indian culture is famous for its diversity.,भारतीय संस्कृति अपनी विविधता के लिए प्रसिद्ध है,"भारत तंग बानी - बाना आपूना वेड़काना, मंदना, न बाटा नाम जागी आंद।"
They will study in school.,वे स्कूल में पढ़ाई करेंगे।,ओर लोर स्कूल ते पढ़ेई कियायनूर ।
The elderly women of the village also used to talk to their mother in a relationship.,गाँव की बुजुर्ग महिलायें भी माँ के साथ रिश्ता जोड़ कर बात करती थीं,नाटांग सियान आस्क गला यामानसंग नाता पण्ड्स वेड़‌ कदंुग
"By understanding the differences in karaoke, we can eliminate social inequality.",कराक के भेदों को समझने से हम सामाजिक असमानता को समाप्त कर सकते हैं।,कारेन ता पर्रेक तुन समजे मास माट बुमकाल तंग कोहड़ांग मटाकून पाटे कीला पर्रियसता।
There are enlightening stories in many languages of India.,भारत की कई भाषाओं में ज्ञानवर्धक कहानियाँ मौजूद हैं।,भारत तंग कुबैय पोल्लोंग ने वेल्लय कुबैय बुद्द बित्तिह कतंग  मन्तंग।
Green grass grows in the forest.,जंगल में हरी-भरी घास उगती है।,कोट्टुम ते ल‍ह -लहा रोन्‍डा उपजे मायता।
Mamata Banerjee has given a new twist to Bengal politics.,ममता बनर्जी ने बंगाल की राजनीति को दिया नया मोड़,ममता बनर्जी बंगाल त राजनीति ते उन्द पूना मोड़ हीत।
"This day is an occasion for all citizens of the country to reaffirm their faith in the ideals of liberty, equality and fraternity.","यह दिवस, देश के सभी नागरिकों के लिए स्वतंत्रता, समानता और भाई चारे के आदर्शों के प्रति अपनी आस्था को दोहराने का अवसर है।","इद दिया, देशतोर सपय लोर्क ला बाटा स्वतंत्रता समानता अन उंद सुल तांग आदशर्क न किरता्क आपुना बिसवास तुन सुरता कियना ता मोका आंद।"
A river of emotions flows in the language of India.,भारत की भाषा में भावनाओं की नदी बहती है।,भारत ता पोल्‍लो दे पुन्‍दाना तंग डोडा पोंगयता।
Poonam Nautiyal: Yes.,पूनम नौटियाल:- हाँ,पूनम नौटियाल:- जी
The language of India reflects both love and sacrifice.,भारत की भाषा में प्रेम और त्याग दोनों झलकते हैं।,भारत ता पोल्‍लो दे मया अन तप रंडो जलके मायतंग।
Now is the time to put an end to this bad habit once and for all.,"अब वो समय आ गया है, कि इस बुरी आदत को, हमेशा-हमेशा के लिए ख़त्म कर दिया जाए","इदेक ओद बेरा वाता, कि इद बुरी आदत तुन जरमें -जरमें तहबे मरिहच्च हेवीट।"
The students read books.,छात्र किताब पढ़ते थे।,पड़हे कीनंग पीलंग कागेत कर्रिन्दुंग।
"In literature, truth is presented in the garb of imagination.",साहित्य में सच्चाई को कल्पना के वस्त्र पहनाकर प्रस्तुत किया जाता है।,कतांग सतेयतुन सुतुर ता गेतिंग केर्रस् हाजिर आयता।
I will be making a lot of friends in my childhood.,मैं अपने बचपन में बहुत दोस्त बना रहा होऊंगा।,नन्ना आपुना पीला बेरा ते कुबैय लगवार पण्डोर  मंदका होही।
Sportsmanship is important in sport.,खेल में खेल-भावना का महत्व है।,केल ते केल बावना तह मान मंता।
"Last year, on the occasion of Independence Day, the whole country came together for the'Har Ghar Tiranga Abhiyan '.","पिछले वर्ष स्वतंत्रता दिवस के अवसर पर ‘हर घर तिरंगा अभियान’ के लिए जैसे पूरा देश एक साथ आया था,",पेर्रेक हंदले बरसा स्वतंत्रता दिया ता मोका ते ‘‘हरधर तिरंगा अभियान‘‘ त बारा बदम सपथ देश उंद जुट आसमता ।
Religious conflict increased during partition.,विभाजन के दौरान धार्मिक संघर्ष बढ़ा,तूसाना त परेक दरम लड़ाय बर्सत।
The girls played on the river bank.,लड़कियाँ नदी किनारे खेलीं।,पेकिहक बेरेटा ओदा कर्रसतुंग
You used to learn from your experiences.,तुम अपने अनुभवों से सीखते थे।,निम्मा आपुना पुन्द ले नह कर्रियिन्द ।
"These creatures must be at the center of our faith,","ये जीव-जंतु हमारी आस्था के केंद्र में तो रहने ही चाहिए,",ईव जानवरिंग अन पि‌ट्टेंग मावा भावते तो मंदाना गला आंद।
His poems contain deep thoughts and emotions.,उनकी कविताओं में गहरे विचार और भावनाएँ हैं,अदंे नंग कतांग ते पकाय बिचर अन् लाक कियना आता।
Perth also has an art gallery named Sacred India Gallery.,पर्थ में 'सेक्रेड इंडिया गैलरी' नाम से एक आर्ट गैलरी भी है।,पर्थ ते उन्द सर्टेड भारत ग्लैरी इद पोर्रोय ता उन्द आर्ट ग्लैरी मंता।
Memories germinate like seeds in the soil of India.,भारत की मिट्टी में स्मृतियाँ बीज की तरह अंकुरित होती हैं।,भारत ता तोड़दे मंदलेंग सीना - बानंग विज्‍जा लेहका मोड़ियला आयतंग।
The doctor will give the patient a medicine.,डॉक्टर मरीज को दवा देगा।,डाक्टेर पर्र वोन मत हिययनुर
"In the villages of India, every tree has a story in its shade.",भारत के गाँवों में हर पेड़ की छाँव में कथा बसती है।,भारत तंग नाह्क ने हरेक मर्रा ताय ते पीटोंग बसे मातंग।
Pilu also ran away.,पीलू भी भागा।,पीलू गला वितितुर।
Many houses were destroyed in the torrential rain.,तूफ़ान से कई घर नष्ट हो गए,हुरेमाटियल ते कुबेय लोह्क सिर्री-बिर्री आतुंग
"Congress-NCP seat-sharing talks in Maharashtra end, BJP-Shiv Sena tour begins","महाराष्ट्र में कांग्रेस-एनसीपी के बीच सीटों का बंटवारा अटका, बीजेपी-शिवसेना के दौरे शुरू",महाराष्ट्र ते कांग्रेस - एनसीपी त नडूम सीटीन तुसना त रोम्त् बीजेपी-शिवसेना त वलियाना मूंड़
She was playing with toys.,वह खिलौनों से खेल रही थी।,अद कर्रसानांग बिडारिंग संग कर्रसोर मत्ता।
The voice of the youth of the country creating content has become very effective today,Content create कर रहे देश के युवाओं की आवाज आज बहुत प्रभावी बन चुकी है,Content Create केयालोर देश तो युवालोर ना लेंग न ेड कुबेय असरदार बने माता।
The rain monitoring system was cancelled due to water.,पानी के कारण वर्षा निगरानी प्रणाली रद्द हो गई थी।,एर्र दा मारे वतुर ता एर्र तुन हड़ाना त तरिका जुक्स मता।
It will help in controlling air pollution.,वायु प्रदूषण को नियंत्रित करने में मदद करेंगे,वेड़िय प्रदूषण तुन रोका-छेका कियाना ते मदेद कियर।
Education and literature have led to India's global recognition.,शिक्षा और साहित्य से भारत की पहचान वैश्विक हुई है।,पड़हे कियना अन साहित्‍य ते भारत ता पोरोय बूम मेटे आता।
Shastri Ji's life is etched in the heart of every Indian.,शास्त्री जी का जीवन हर भारतीय के दिल में बसा हुआ है,शास्त्री जी ना जिंल्गी बोर गला भारत तोर मानेय ता जीवा ते उद्स मंद।
The turtle always walked slowly.,कछुआ हमेशा धीरेण्धीरे चलता था।,हेमुल पुरकय तीरम-तीरम ताकन्द।
The copy contains information about the subjects.,कॉपी में विषयों की जानकारी मिलती है।,कापी ते विषय ता जानकारी पुटी आयता।
The law is intended to provide citizens with access to government information.,इस कानून का उद्देश्य नागरिकों को सरकारी सूचनाओं तक पहुँच प्रदान करना है,इद कानून ता विचार मानेय तुन सरकारी कबीर तुन एवीहला कियाला आन्द
Helicopters are also used in the Navy.,हेलिकॉप्टर जल सेना में भी काम आता है।,हेलिकॉप्‍टर एर्र सेना ते गला बूतो ते वायता।
Young children love to sit on the bike.,बाइक पर छोटे बच्चे बैठना पसंद करते हैं।,पट्पट्टी ते उचुहहंग पीलंग उदानह बिचर कियतंग।
She also played a key role in empowering women farmers.,उन्होंने महिला किसानों को सशक्त बनाने में भी महत्वपूर्ण भूमिका निभाई।,ओर लोर आस्क किसानलोर भी सहमति पण्‍डला जरूरी भूमिका कियाना ।
The globe is used in geography classes.,ग्लोब का उपयोग भूगोल की कक्षाओं में किया जाता है,ग्लोब तुन तोहना भूगोल ता कक्षाने तोहना आयता
The boat gives a sense of peace.,नाव शांति का अनुभव कराती है।,डोंगा सुमकले मंदना ता अहसास किय्हायता।
But no tobacco was served and it became a matter of condemnation.,लेकिन तंबाकू नहीं दिये और यह निंदा की बात हो गई।,मति दिगंया हेवोर आतुर अन इद वड़क्ना लेहकाडा पल्लो आत ।
"I am not the thing, but I connect all - tell me what I am?","मैं चीज़ नहीं, पर सबको जोड़ता हूँ — बताओ मैं क्या हूँ?","नना जिनिस आयोन, मति सपोयकुन जोड़े किययतोना- वेहहट नना बाता आन्‍दन?"
The marriage ceremony of the community consists of people living in the village of their own caste and others living in nearby villages.,समुदाय के विवाह समारोह में अपनी ही जाति के ग्राम में निवासरत तथा अन्य आस-पास के ग्रामों में निवासरत लोग सम्मिलित होते है,कुटुम ते मर्रमिंग न जलसा ते अपुना ही जाति ते नाटेने मन वालोर अन एरे-गुरे तंग नाह कने मनवालोर मानेय सामिल आयतोर
The construction of roads facilitates commuting in the rains.,सड़को के बनने से बारिश में आने-जाने में सुविधा होती है।,सड़ाकिंग बने माले तह पिर्र दे दायना वायना ते सुविधा आयता।
Today is going to host the North-East Sports University.,आज North-East Sports University की मेजबानी करने जा रहा है।,नेण्ड छवतजी.म्ंेज Sports न्दपअमतेपजल तह ख्ेाल कियाला चाहे मायला आता।
The rhinoceros used to rest in its territory.,गेंडा अपने इलाक़े में आराम करता था।,गेंडा अपुना कोलांज ते आराम कीन्द ।
Acid leakage can occur in the battery.,बैटरी में एसिड लीकेज हो सकता है।,बेटरिक ते एसिड एर्र बूका आया पर्रता।
Children were playing with colourful balloons.,बच्चे रंगीन गुब्बारों से खेल रहे थे।,पीलंग रंगीन पुग्‍गा नुंग कर्रसोर मंदुंग।
Proper care of the battery will allow it to age.,बैटरी की सही देखभाल से उसकी उम्र बढ़ती है।,बैटरिक ता सही देकबाल तह ताना उमेर बर्सायता।
Our own formula teaches us so we take it hand in hand.,हमारा ही formula हमें सिखाता है  तो हम उसे हाथों-हाथ ले लेते हैं,मावा गला इदे दलसा ते मांकुनकर्रीहयता अन माट अदे केय्यंक -कैय्य ते एतायतोरा।
Indian education includes both spirituality and practicals.,भारतीय शिक्षा में अध्यात्म और व्यवहार दोनों का समावेश होता है।,भारत ता पड़हे कियना ते आपुन तुन पड़हे कियना अन आदेत रण्‍डो ना मिंजरे मायना आयता।
"Today, many Indian women are doctors, engineers, and scientists","आज कई भारतीय महिलाएं डॉक्टर, इंजीनियर और वैज्ञानिक हैं",कुबैय भारतीय आस्कानुंग नेड डॉकेटर इंजीनियर अन वैज्ञानिक मन्तोर।
"We have to ensure that the infrastructure is comprehensive, integrated.","हमें ये सुनिश्चित करना होगा कि इंफ्रास्ट्रक्चर व्यापक हो, एकीकृत हो।",इदमना स्थिति आयमकी। इदमे माक पक्की किया लागर कि इंफ्रास्ट्रकचर भरपूर आयी।
The contribution of Dr. Radhakrishnan Ji is invaluable.,डॉ. राधाकृष्णन जी का योगदान अमूल्य है।,डॉ. राधाकृष्‍णन जी ना योगदान तुन एसपरवह किमोत मन्‍ता।
And the common man had only one thought in his mind.,और सामान्य मानवी के मन में एक ही ठान था कि,"अन साधारण मानेयत बिचार ते उन्दीय मन आन्द,"
It is necessary to cherish family values,पारिवारिक मूल्यों को संजोकर रखना आवश्यक है,पारिवारिक मूल्य नुंग सजेह किस इर्राना जरूवत आंद
Proper battery maintenance prolongs the life of the car.,बैटरी का सही रखरखाव गाड़ी की उम्र बढ़ाता है।,बिजली बंडार ता नेहना रेकडेक गाडा ता उमेर बर्सहयता।
The result was in front of everyone today.,उसका नतीजा आज सबके सामने था।,ओना पल नेड सप्पोजन ना मुन्ने मता।
India's cinema and music culture are globally renowned.,भारत की सिनेमा और संगीत संस्कृति वैश्विक रूप से प्रसिद्ध है।,भारत ता सिनिमा अन रूजुम रीति नीति बुम नामजागी मन्‍ता।
I started a lot of new lives in my retirement life.,मैंने अपने सेवानिवृत्ति जीवन में बहुत नए जीवन शुरू किए।,नन्ना अपुना सेवा विड़्चले जिंल्गी ते कुबैय पूना जिंल्गींग मुड़ कीतन
They have leftovers in their pockets.,उनके जेब में बचा है।,ओनंग कीसा ते पिसतंग।
by climbing,चढ़ाकर,तर्रातोर
"On Saturdays, I spend most of my time at home.",शनिवार को मैं ज्यादा से ज्यादा समय घर पर बिताता हूँ।,सनिचर ता नन्‍ना वेल्‍लो-वेल्‍लो बेरा लोते मन्‍तोना।
I said thank you very much in my life.,मैंने अपने जीवन में बहुत धन्यवाद कहा।,नन्ना अपुना जिंल्गी ते कुबैय सेवामान इतन
The library provides materials for research.,पुस्तकालय में शोध के लिए सामग्री मिलती है।,कागेत डेरा ते कोज ता बाटा चीज पुटयता।
"In the context of women empowerment, I also want to congratulate the sisters who are forced to live a very difficult life due to triple talaq.",महिला सशक्तिकरण के संदर्भ में मैं उन बहनों का भी अभिनंदन करना चाहता हूं जो तीन तलाक के कारण बहुत कठिन जीवन जीने को मजबूर हैं।,महिला सशक्तिकरण ता बारे ते नना अव हेलोह नंग गला जोहार कियायतोन। दोरकिन लोरा (पटहाना) मूण्ड तलाक त कारेन ते कुबेय कठिन जिंल्गी जियेमायला हारे मान्तोर।
Do you carry cash to make purchases?,खरीदने के लिये नगद पैसे लेकर जाते हो?,अस्सनीकं नगदी पयसा पोयस दायनोर।
The cat was drinking milk.,बिल्ली दूध पी रही थी।,बिलाय पाल उन्जोर मंद।
The caves of India are the silent chroniclers of civilisation.,भारत की गुफाएँ सभ्यता के मौन इतिहासकार हैं।,भारत तंग गड़दांग सभ्‍यता तंग चुमुकले मंदले इतिहासकार आँदूँग।
"This period - with full dedication, determination and commitment,","यह दौर – पूरी लगन, संकल्प और प्रतिबद्धता के साथ,","अद बेरा पूरा ध्यानहीस , किरयाकीस, अन आपुना जवाबदारी समझेमास"
"Then his wife, Kande Buri, went out alone to the forest for the tuber.",तब उसकी पत्नी कांेदेन बुढ़ी अकेले ही कंद के लिए जंगल की ओर निकल गयी।,असके ओना आड कोदेन डोकरी वर्राय मानेय मारिना बाहा कोटटुम तिके हत्तु
A doctor is a person who treats patients.,डॉक्टर मरीज की देखभाल करता है।,किसन नांगेल दे पुहाय तोर।
Panneerselvam: From tea stall to chief minister,पन्नीरसेल्वम : चाय की दुकान से मुख्यमंत्री तक का सफर,पन्नीरसेल्वम: चाय ता दुकान तह मुख्यमंत्री निगा एवनह हन्दले
Now they send their produce to Tamil Nadu and West Bengal.,अब वे अपनी उपज तमिलनाडु और पश्चिम बंगाल भेजते हैं।,आपुना उपजेह कीले तुन ओर इदे्क तमिलनाडू अन् पश्चिम बंगाल ते लोह मंजल।
People of this time valued health and hygiene.,इस समय के लोग स्वास्थ्य और स्वच्छता को महत्व देते थे,इद पहर ते मानेय बने मदना अन चुकले इर्राना ता दियन हीन्दूर
The water is safe for sailing.,पानी जहाज का सफर सुरक्षित होता है।,एर्र जहज ते दायना रोका होरकुल आयता।
The soil of India is fragrant with the fragrance of reverence.,भारत की मिट्टी में श्रद्धा की गंध रची-बसी होती है।,भारत ता तोड़िय ते नेंग ता दयंगले रचेह-पोदिह आयता।
Bhagat Singh's biography is unique.,भगत सिंह की जीवनी अद्वितीय है,भगतसिंह ना पीटो वेहनाह मंता
"had come to a standstill in the face of a terrible disaster, during which,","एक विकराल आपदा का सामना करते हुए ठहर सी गई थी, उस दौरान,","उन्द बेरहाय हामूर संगने लड़ेमासोर मता,"
We have also got an opportunity to see the events happening around us from a new perspective.,हमें अपने आस-पास घट रही घटनाओं को नए नजरिए से देखने का भी अवसर मिला है।,"मावा हेरे-हेर्रेय आयनंग अड़चेनिंग नुंग, उन्द लहलहा कोन्डा ते हुड़ानता मोका गला पुटान्ता"
"Gradually, both parents start learning the work.",धीरे-धीरे दोनो माता-पिता से कार्य सीखने लगते है,धीरे-धीरे रेण्डो अव्वा-बाबो तह बुतो कर्रययतोर।
Science and technology also have significance in Indian politics,भारतीय राजनीति में विज्ञान और प्रौद्योगिकी का भी महत्व है,भारतीय राजनीति ते विज्ञान अन प्रौद्योगिकी ता गल्ला कुबेय कास मंता
"There should be a Citizenship Amendment Act for refugees suffering because of faith, there should be a right to reservation for Dalits / backwards / SC / ST / OBC,","आस्था के कारण पीड़ित शरणार्थियों के लिए नागरिकता संशोधन कानून हो, दलितों/पिछड़ों/एससी/एसटी/ओबीसी के लिए आरक्षण का अधिकार हो,","लगाव ता कारेन गिरहो आस मंजाल बालेर ता काजे मानेयता बदलोह कीले कानून आयी, हरजेन, पर्रके बिताल, हरजेन, आदिवासी, पर्रकेडोर ता काजे ओना बाटा हक आयी,"
What is the most important thing that is overlooked?,कौन सी चीज़ है जो अनदेखी होने के बावजूद सबसे महत्वपूर्ण है?,बाता जिनिस आंद अद् हूड़ोन लेहका आसक गला सबे पहजे मंता
Jayanta Mahapatra has created a new identity with his writing.,जयंत महापात्रा ने अपनी लेखनी से बनाई नई पहचान,जयन्त महापात्र ल आपुना कोटले ते उन्द पूना पहचान पण्डतोर
The turtle will swim slowly in the sea.,कछुआ समुद्र में धीरेण्धीरे तैरेगा।,हम्मुल टड्डी ते दीरे-दीरे नरिलर।
She seemed to be asking God in her heart why Sarah Jahan's grief was on her part.,ऐसा लगता था कि वह मन ही मन ईश्वर से पूछ रही हो कि सारा जहान का दुःख उसके हिस्से में क्यों है?,इदम लेहका आन्द अगा आपुने आपून बगवान तुन पुचे मांद सपय न दुकड़ नाकुन ही बाकिया आन्ता
The thatched hut in India also lends itself to it.,भारत में घास-फूस की झोपड़ी भी अपनापन देती है।,भारत ते जाड़ पीर ता कुरमा गला आपुना सुक हिययता।
The rebellion inspired a revolt against the English administration.,विद्रोह ने अंग्रेज़ी प्रशासन के खिलाफ विद्रोह को प्रेरित किया,लड़ेय अंग्रेज सरकार ता किलाप लड़ेय तून प्रेरित कीत।
They are learning new things.,वे नई चीजें सीख रहे हैं।,ओर लोर पुंना बीड़ारिंग कर्रययतोर।
St. Augustine's Church is a part of the UNESCO World Heritage Site - Churches and Convents of Goa.,सेंट ऑगस्टाइन चर्च यूनेस्को विश्व धरोहर स्थल का एक हिस्सा है - गोवा के चर्च और कॉन्वेंट,"सेंट साधु लोरा चर्च, यूनेस्को ता मुन्नेता उदना चर्च अन मठ ला गोवा ता उन्द हिस्सा मंता"
Life in the air would be diminishing.,हवा में जीवन कम हो रहा होगा।,वड़दे जिनगी उचुय आंद होही।
Nothing to fear will happen to the rats.,डर कुछ भी चूहों को नहीं होगा।,बिन वर्रे हुपेना आयो
I saw a movie.,मैंने एक फिल्म देखी थी।,नन्ना उन्द सिलिमा हूड़स मत्तोना।
His wife's name was Smita.,उनकी पत्नी का नाम 'स्मिता' था।,ओन आड़हारी ना पोरोय ’’हिमता ’’ मन्ता।
The child was playing.,बच्चा खेल रहा था।,पीला कर्रस्सोर मता।
Boat floats on water.,नाव पानी में तैरी।,ढोंगा एर्रते नर्रत्।ि
I will break a lot of promises in my life.,मैं अपने जीवन में बहुत वादे तोडूँगा।,नन्ना आपुना जिंल्गी ते कुबैय वायदा बंग कियाका
Research on heat islands is ongoing.,ऊष्मा द्वीपों पर अनुसंधान जारी है,एद्द द्वीपी नह मिले माले पड़काना (कोज कियना) बर्ससोर दायता
"Your Majesty, this is the crowned eggplant.","महाराज, यह मुकुटधारी बैंगन है","महाराज, इद मुकुट बित्ती आपांग आंदूंग"
Eliminating the distinctions of Karak can increase mutual understanding in society.,कराक के भेदों को समाप्त करने से समाज में आपसी समझ बढ़ सकती है।,अवे असेरिनुंग माहिहतेक बुमकाल ते आपुने तिगेमायना बर्रस परता।
I listened to music.,मैं संगीत सुनता था।,नन्ना पटांग कैंजदन ।
Stock markets closed on Eid,ईद के मौके पर शेयर बाजार बंद,ईद ता मौका ते शेयर हाटूम बंद
Folklore in the language of India keeps history alive.,भारत की भाषा में लोकगीतों से इतिहास जीवित रहता है।,भारत त पोल्‍लो दे मानेय मंजा ता ओयलेंग पाटांग तयहा जीवोत मंता।
The woman of India shapes the family with her rites of passage.,भारत की नारी अपने संस्कारों से परिवार को आकार देती है।,"भारत तंग मुयताड़ आपूना रीत, नेंग तह कुन्‍दा तुन मुरहेन हीन्‍ता।"
"I am neither cloth nor iron, yet all wear me - tell me what I am?","न कपड़ा हूँ, न लोहा, फिर भी सब मुझे पहनते हैं — बताओ मैं क्या हूँ?",गेतिल आयोन न लोह्हा मति गला सपोय नाकुन सीने मायतोर-वेहट नन्‍ना बाता आँदन?
How are you?),आप कैसे हैं ?),निम्मा बदाम मंतोन
"Ishqbaaz, February 10: Come to Tia's point, Anika is thinking of herself as Kalavati Thakur","इश्‍कबाज, 10 फरवरी: टिया की बातों में आ, खुद को कलावती ठाकुर समझ रही है अनिका","इश्कबाज, 10 फरवरीः टिया नांग पोल्लो ने पास, आपुनीन कलावती ठाकुर समझे मानता अनिका"
"I'm once again,","मैं एक बार फिर,","नना उन्द बेरा पेर,"
Raman always inspired his students.,रमन हमेशा अपने छात्रों को प्रेरित करते थे।,रमन आपुना पड़ेह कियानांग पीलानुंग हमेशा जागेह कितुर
Is this an original product?,क्या यह ओरिजिनल प्रोडक्ट है?,बाता इद्द असली बिडाड़ आंद
He believed that freedom could only be achieved through war.,उनका मानना था कि स्वतंत्रता केवल युद्ध के माध्यम से ही प्राप्त की जा सकती है,ओना बिचार मन्ता कि लड़ाई तहे माक मेलाय मंदला पुटार।
The clothes were embroidered with flowers.,वस्त्रों पर फूलों की कढ़ाई की गई थी।,गत्तीने पुंगह ना बिनकर कीले मत्ता।
And we got inspiration from them also... So at that time we thought that the body which is there will merge into the Panchtatva.,और उनसे भी हमें प्रेरणा मिली...तो उस समय हमें लगा कि जो शरीर है वो पंचतत्व में विलीन हो जायेगा,अन ओरा त गला माकुन असली पोल्लो पुट्स अदेनका अद बेरा माकुन आत अन जो मेंदूल आंद अद हैय्रग प्रकार त तत्व ते मिले मायर
It is only through knowledge that the soul attains peace.,ज्ञान से ही आत्मा को शांति मिलती है।,अकल तटे जीवा तुन सुक पुटयता।
The bees were gathering honey.,मधुमक्खियाँ शहद इकट्ठा कर रही थीं।,पूक वीसिंग पूकनिय जुहह कीसोर मंदुंग।
Tamarind leaves add freshness to salads.,इमली की पत्तियाँ सलाद में ताजगी लाती हैं,हिता ता आकिंग हांकड़ा ते ताजा तेतेन्ता ।
Blue was my favorite color!,मेरा पसंदीदा रंग नीला था।,नावा सोबय हीले बूम रंग मत्ता।
The blood donation camp must have been cancelled due to water.,पानी के कारण रक्तदान शिविर रद्द हो गया होगा।,पिर्रदा मारे नतुर हीयाना शिविर जुक्स होही।
Where did people come from at the Lingo Fair?,लिंगो मेला में कहां-कहां से लोग आते थे?,लिंगो मंडेय ते बोगा-बोगा डह मानेय वान्दुर ?
"Mahua juice called ""Tadpan"" is offered to the mother.",महुआ के रस जिसे ‘‘तड़पन’’ कहा जाता है माता को चढ़ाया जाता है,पेन तुन इरूहक न दाड़गो तरहायातोर
I can burn without heat - tell me what am I?,मैं बिना गर्मी के जला सकता हूँ — बताओ मैं क्या हूँ?,नन्‍ना अद्द लेवाय पोत्तिह पर्रयतोना-वेहट नन्‍ना बाता आंदन?
"Without the sun, life on Earth would not be possible.",सूरज के बिना पृथ्वी पर जीवन संभव नहीं होगा।,पोड़्द ता लेवा हरती ते जिल्गी आया पर्रो आयर।
The election law for the Lok Sabha is the basis of the election process in India.,लोकसभा के लिए चुनाव कानून भारत में चुनाव प्रक्रिया का आधार है,लोकसभा ता बाटा चुनाव कानहून भारत ते चुनाव प्रक्रिया ता नेव आंद
Are we seeing a jam?,क्या हम जाम देख रहे हैं?,ब ? अद पंका तुन बंद किययता ?
"They receive rice, pulses, gram, salt under the Antyodaya Yojana of the Chhattisgarh government.","छत्तीसगढ़ सरकार की अंत्योदय योजना में इन्हे चावल, दाल, चना, नमक प्राप्त होता है","छत्तीसगढ़ सरकार ता अंत्योदय योजना, ते एरकुन नूकंग, दारिंग सन्नंग होवोर पुटयतंग।"
"Hello,","नमस्कार,",जोहार
I ended up living a lot older in my retirement life.,मैंने अपने सेवानिवृत्ति जीवन में बहुत पुराने जीवन समाप्त किए।,नन्ना अपुना सेवा विड़्चले जिंल्गी ते कुबैय पड़ाना जिंल्गी मार्रिह्तन
But I see that the young minds of my country are now focusing on the best,"लेकिन मैं देख रहा हूँ, मेरे देश का युवा मन अब सर्वश्रेठ की तरफ अपने आपको केन्द्रित कर रहा है","मति, नना हुड़यतोना, नावा देस तोर जवान्क लोर इडेक कुबेय बेस तिके आपुने आपुन तुन कुडहयता।"
Artists will be exhibiting their work.,कलाकार अपनी कला का प्रदर्शन करेंगे।,बिनकार आफना बिन कारतुन लोहानुर।
Not a single member of the society should be left unhappy or destitute.,समाज का एक भी सदस्य दुखी या अभाव-ग्रस्त न रह जाए।,समाज ता उन्द गला सदस्य दुक अन बाताय लेवय लेहका मनमकी।
Women should get the right benefits of health services,महिलाओं को स्वास्थ्य सेवाओं का सही लाभ मिलना चाहिए,मुयतह कुन परवा बेरा ते सही पायदा पुट्टाना आयी।
Education is the key to progress.,शिक्षा प्रगति की चाबी है।,शिकचा बर्रसयन्‍ना ता कुंजी आंद।
They may be planning a vacation.,वे छुट्टियों की योजना बना रहे होंगे।,वोर तातिल ता बिचर पन्डसोर मंदानुर आयर।
Teachers teach us well.,शिक्षक हमें अच्छे से पढ़ाते हैं।,माट पुनंग कागतिंग असयतोरोम।
Nana ji must be telling the story.,नाना जी कहानी सुना रहे होंगे।,अक्को कत्तंग केन्जिह सोर मन्दानुर होही।
"So we explain to them which problem you have, which day it will be fixed.","तो हम उनको समझाते हैं कि आपकी कौन सी दिक्कत, किस दिन ठीक होगी","अस्के माट ओर कुन समजाह किययतोरोम कि निय्या बाता अड़चेन, अन बोद्द दिया सही आयर"
"In tribal culture, the gods and goddesses are directly related to nature.",जनजातीय संस्कृति में देवी-देवता का सीधा संबंध प्रकृति से है,जनजातीय संस्कृति ते पेन-पुरूड़ ता सीधा संबंध प्रकृति तह मन्ता।
The ship would have been shaken in the water.,पानी में जहाज हिल चुका होगा।,एर्र ते जिहाज होले मास मंद होही।
The Tsunami Management Association was cancelled due to the water.,पानी के कारण सुनामी प्रबंधन संघ रद्द हो गया था।,पिर्र दा मारे सुनामी प्रबंधन संघ जुक्स मंद।
"Barbers, potters, etc. are also no longer given grain.","नाई, कुम्हार आदि को भी अब अनाज नही देते है","नाउ, कुम्मान गला इदेक जेवर हेवोर"
The workers were lifting bricks.,मजदूर ईंटें उठा रहे थे।,कमयालोर इट्टंग तेहचोर मंदुर।
Where do u stay?,तुम कहाँ रह रहे होगे?,निमा बोग्गा मंजोर मंदाकिन आयर ?
It is best to wear cotton clothes in summer.,गर्मियों में सूती कपड़े पहनना सबसे अच्छा है,एद महर ते कपसा गेलींग कर्रना बेस आयता
These stores of women self-help groups have been opened at a very prominent place in Thanjavur,महिला स्वयं सहायता समूह के ये स्टोर तंजावुर में एक बहुत ही प्रमुख स्थान पर खोले गए हैं,म्ुयतह स्वयं सहायता समुह न इद डेरा तन्जावुर त कुबेय बेस डेरा ते खुले माता।
The seed paddy is set aside for sowing in the coming year.,आने वाले वर्ष में बोआई हेतु बिजहा धान पृथक कर रख लिया जाता है।,वायना वेत्तुर ते वीतता विज्जा-वेंज तुन अलग इर्रान्तोर।
"Its fruits, flowers, leaves, stem and roots are all useful.",इसके फल-फूल पत्ते तने एवं जड़ सभी उपयोगी है।,"ऐना काय-पूगांह,अंकिंग, तोलांग, हिर्रक, सप्पोय उपयोग आन्ता।"
"According to traditional belief, the ploughed area is considered a sacred place.",परंपरागत मान्यता अनुसार हल चलाये गये जगह को पवित्र जगह माना जाता है,दारा अनुसार नागेल चलाह कीतके जागा तुन पेन जागा माने मयतोर।
The Jaipuri Bandhani saree has its own speciality.,जयपुरी बंधनी साड़ी की अपनी विशेषता होती है,जयपुरी बंधनी गेतिनाह अपुना अलग पहचान आयता
The use of artificial intelligence in education is increasing.,शिक्षा में आर्टिफिशियल इंटेलिजेंस का उपयोग बढरहा है,शिक्षा ते आर्टिफिशियल इंटेलिजेंस ता उपयोग बरसायता।
"In the culture of India, every colour is associated with emotions.",भारत की संस्कृति में हर रंग भावनाओं से जुड़ा होता है।,भारत ता बाना ते सपोय रंगिंग बिचारिने जोड़े मातंग।
Dad is driving the car.,पापा गाड़ी चला रहे हैं।,बाबल गाडा चलेह किययतोर।
The fun of monkeys in the jungle is worth seeing.,जंगल में बंदरों की मस्ती देखने लायक होती है।,कोट्टुम ते मूसक ना वडि़ंग हियन्‍ना तुन हूड़नह आयता।
Our capabilities and resources play a big role in dealing with any disaster.,किसी भी आपदा से निपटने में हमारे सामर्थ्य और संसाधनों की भूमिका बड़ी होती है –,बोद्दे गला आपदा तह निपटेमायता मावा हिमोत अन संसाधनी ना कारबार बेरहय आयता
Indian water resources are used for industrial production.,भारतीय जल संसाधनों का उपयोग औद्योगिक उत्पादन के लिए किया जाता है,भारत तंग एर्र डेराकनह क पंडाना कारकाना उबजेह कियना आंता
The entrance of the house is considered auspicious according to the directions.,दिशाओं के अनुसार घर का प्रवेश द्वार शुभ माना जाता है।,कोटुह नह लेहका लोता होड़ियाना हर्र बेस माने मायहयता।
The fields of India are the worship place of hard work.,भारत के खेत मेहनत की पूजा स्थली हैं।,भारत तंग ओड़क बुतोता पुजा त डेरा मन्‍ता ।
Conservation of Indian wildlife is our responsibility,भारतीय वन्यजीवों का संरक्षण हमारी जिम्मेदारी है,भारत तंग कोटुम काजेरेक् ना राका मावा जिम्मेदारी आन्द।
The simplicity of life resonates in the language of India.,भारत की भाषा में जीवन की सरलता गूंजती है।,भारत ता पोल्‍लो दे जिलंगी ता सहज नेकायता।
She was making hair.,वह बाल बना रही थी।,अद कल्क कण्डसोर मत्ता।
"Major areas of Delhi such as Gurgaon, Noida, and Faridabad are adjoining suburbs of Delhi.","दिल्ली के प्रमुख क्षेत्र जैसे गुड़गाँव, नोएडा और फरीदाबाद दिल्ली के सटे हुए उपनगर हैं।","दिल्‍ली तंग मुक कोलान इदम गुड़गांव, नोएडा, अन परीदाबाद दिल्‍ली तह मिले मायले हुडीला सहेर आंद।"
People are shopping in the market.,लोग बाजार में खरीदारी कर रहे हैं।,मोनय हाटुम ते एसना किययतोर।
I'll be boiling milk.,मैं दूध उबाल रहा होऊँगा।,नन्ना पाल डपकेह कीसोर मंदाका होही ?
Congress president Rahul Gandhi tweeted his birthday wishes for PM Modi.,पीएम मोदी ने ट्वीट कर राहुल गांधी को जन्मदिन की बधाई दी तो कांग्रेस अध्यक्ष ने यूं दिया जवाब,राहुल गांधी न जनुम दिया ते च्ड मोदी ज्ूममज कितूर गिर्दा तो कांग्रेस अध्यक्ष गला इदम हितूर पोल्लो
Dad was talking on the phone.,पिताजी फोन पर बात कर रहे थे।,बाबाल फोन ते वड़कन्दु।
It is being done to build houses for the poor.,गरीबों के घर बनाने के लिए हो रहा है।,हिल्वोरंग लोह्क पंडानते आयता।
One such person is Bhim Singh Bhaveshji of Bhojpur in Bihar.,ऐसे ही एक व्यक्ति हैं – बिहार में भोजपुर के भीम सिंह भवेश जी,इदामे वेरोर मानेय मंतोर बिहार ते भोजपुर तो भीमसिंह भवेश जी।
They will be good improvers in relationships.,वे रिश्तों में अच्छे सुधार लाने वाले होंगे।,ओर लोर नतानुंग बने तीसवालोर आयनुर।
Weren't we going to the market?,क्या हम बाजार नहीं जा रहे थे?,ब ? माट हाटुम हनोम आन्दोम ?
"Prime Minister: But, there are houses on the hills, too, far away from each other.","प्रधानमंत्री: लेकिन, वहाँ पहाड़ों पर घर भी एक दूसरे से बहुत दूर हैं।","प्रधानमंत्री जीः- मति, अगा तो मेट्क ने लोहक कुबैय लेक-लेक मंदूंग"
They wore warm clothes in winter.,वे सर्दी में गर्म कपड़े पहनते थे।,ओर लोर पीन बेरा कासले गत्ती कर्रन्दूर।
The airplane appeared very small in the sky.,हवाई जहाज आकाश में बहुत छोटा दिखाई देता था।,वड़ जहाज बूम पर्रो ते कुबेय हुचूह्ला ओहनाह् आयता।
My mother was making bread.,माँ रोटी बना रही थी।,यायाल हार्रींग पंडन्दुंग।
The child will be playing with new toys.,बच्चा नए खिलौनों के साथ खेल रहा होगा।,पीला पूनंग पूतरी-सुतरी ना संग कर्ससोर मंदर होही।
Bhagat Singh's love was for freedom and equality.,भगत सिंह का प्रेम स्वतंत्रता और समानता के लिए था,भगतसिंह ना लाड स्वतंत्रता अन बरोबर काजे मता।
It was very difficult to hunt a lion.,शेर का शिकार करना बहुत मुश्किल होता था।,नीरदा शिकार कीयाना पकय मुश्किल आन्द।
He made his life an example,उन्होंने अपने जीवन को एक उदाहरण बना दिया,ओर आपुना जिलंगी तुन मुन्ने वेहनाह लेहका पंडतुर।
"Without water craft, sea trade is not possible.",पानी जहाज के बिना समुद्री व्यापार संभव नहीं है।,एर्र जहज लेवा समंqदर ता बयपार आया पर्रो।
Ladakh is a cold and beautiful region of India.,लद्दाख भारत का एक ठंडा और सुंदर क्षेत्र है।,लद्दाख विज्ञान अन गणित ते तयहा दिय्या तह मुन्‍ने वीड़तेय मता।
Diesel vehicles are used in freight transport.,डीज़ल वाहनों का उपयोग माल परिवहन में होता है।,डिजेल मोटोहकुन बिडारिंग ओयना ते बवरे कियन्‍ना आयता।
Gram Sabha is important in Panchayati Raj.,पंचायती राज में ग्राम सभा का महत्व होता है,पंचायती राज ते नार्र सभा ता कास आयता।
"Our scriptures say -'Atmavat Sarvabhuteshu ', that is, we treat the living entity as ourselves, behave as ourselves.","हमारे शास्त्रों में कहा गया है – ‘आत्मवत् सर्वभूतेषु’, अर्थात्, हम जीव मात्र को अपने समान मानें, अपने जैसा व्यवहार करें","मावा पडानंग कोटले ने इल्ले आता’ सपोय जीवानुंग आपुना जीवा ता बरोबर अदामे लहका माट जीवानुंगआपुना लहका पुन्दाना, आपुना लहका आदेत किम्ट।"
You were making tea.,तुम चाय बना रहे थे।,निमा चहा पन्डसोर मंदी।
Without a voice that tells a story - tell what?,बिना आवाज़ के जो कहानी कहता है — बताओ क्या है?,बिना अरो वेवय पीटोंगनुंग इन्‍दोर वेहर बाता आंद
You will go straight to the west.,पश्चिम की ओर सीधा जाओगे।,पोड़द मुल्लाना होकेर ते सोज वायकिट।
The best thing to do is to observe peace.,शांति का पालन करना सबसे श्रेष्ठ कार्य है।,सुक ना हर्र ते ताकना नक्‍कय बेस ना बूतो आँद।
Proper delivery of health services is essential.,स्वास्थ्य सेवाओं का उचित वितरण आवश्यक है,स्वास्थ्य सेवा न समुचित वितरण जरूरी आन्द।
The library is a national heritage.,पुस्तकालय राष्ट्रीय धरोहर है।,कागेतलोन देस ता तासले बीडर आन्‍द।
The library inspires children to read.,पुस्तकालय बच्चों को पढ़ने के लिए प्रेरित करता है।,कागेत डेरा ते पीलानुंग पड़ेह कियन्‍ना बाटा रोंजहयता।
He cut my nose in front of everyone.,उसने तो सबके सामने मेरी नाक कटवा दी। (नाक कटवाना),ओर तो सब जन ता मुनके नावा मोसोर कदिहतूर।
The time of mango harvest every year is very special.,हर साल आम की फसल का समय बहुत खास होता है,सपोय वरसा ते आम ता फसल ता बेरा कुबेय कास आयता।
"The village pond is not just a source of water, but a center of life.","गाँव का तालाब सिर्फ जल का स्रोत नहीं, जीवन का केंद्र होता है।","नाटा तड़य सिरतोम एर्र ता कंन आयो, मति जिलगी ता मूड़ आयता।"
Industrial development in rural areas should be given priority.,ग्रामीण क्षेत्रों में औद्योगिक विकास को प्राथमिकता दी जानी चाहिए,औद्योगिक विकास तून देहात ते महत्व हियाना आयी।
This was due to the change in weather.,इसके कारण ही मौसम बदलता था।,इदेना करने ते मौसम बदले माद।
He must have dropped the key in the water.,उसने पानी में चाबी गिरा दी होगी।,ओर एर्र ते कूंजी अरिह्तुर होही।
"Friends, I was very happy to know about Saparom Naya Sarai, a village adjacent to Ranchi.","दोस्तों, रांची से सटे एक गाँव सपारोम नया सराय के बारे में जानकर मुझे बहुत अच्छा लगा",गोतियालोरिट माकुन रांची से मिलेह उन्द नार सपोरोम पुना सराय अगाडा बोर ते जानकारी बहुत अच्छा आनता।
The library often has a shelf conversion for new books.,पुस्तकालय में अक्सर नई किताबों के लिए शेल्फ़ बदलने का काम होता है।,कागेत डेरा ते वल्‍लाकीस पूनंग कागेति ना बाटा अलमारी बदलेह कियना ता काम आयता।
"Using the charkha, we can cherish our today and tomorrow",चर्खा का उपयोग करके हम अपने आज और कल को संजो सकते हैं,राहटा ना कियना आतेक माक अपुना नेंड अन नाड़ तुन सजेह कीस इर्र परतोरट ।
I was saying goodbye a lot in my childhood.,मैं अपने बचपन में बहुत अलविदा कह रहा था।,नन्ना आपुना पीला बेरा ते कुबैय बीदा इंदसोर मतोना।
"In the villages of India, every child inherits a story.",भारत के गाँवों में हर बच्चा किसी कहानी का वारिस होता है।,भारत तंग नाह्क ने सपोय पीला बदे पीटो ता हकदार आंतोर।
We have also had the opportunity to observe biodiversity up close.,हमें जैव विविधता को भी करीब से देखने का अवसर मिला है।,"रंग-रंग ना जीवा नुंग, हेरे तह हूड़ता मोंका गला पुटता"
Father will bring vegetables from the market.,पिता बाजार से सब्जी लाएँगे।,बाबल हाटुम तह कुसीर ततान्दुर
It will be great fun to sit on your back.,पीठ पर बिठाएंगे तो बड़ा मजा आएगा।,मूर्सूल ते उपहर तो कुबैय मंजा वायर
Indian family values convey a message of goodwill and love,भारतीय पारिवारिक मूल्य सद्भावना और प्रेम का संदेश देते हैं,भारतीय गंुदा ते मोला बिसवास अन लाड ता कबिर हियना आयता।
The fan was making a whirring sound.,पंखा घूं घूं की आवाज कर रहा था।,पंका ''घूं घूं '' ता लेंग कीसोर मंद ।
He adopted a holistic approach towards agriculture.,उन्होंने कृषि के प्रति समग्र दृष्टिकोण अपनाया।,ओना लोर कृषिता सब नजर ते अपने कीतूर ।
Mom will be making sweets.,माँ मिठाई बना रही होगी।,अवहारी कजेनंग पंडसोर मंदार होही।
Marathi language literature is rich and varied.,मराठी भाषा का साहित्य समृद्ध और विविधतापूर्ण है,मराठी भाखा ता कोटले पोल्लो बेड़सले अन्न सबोयतः ठीक मनता।
Try this idea as well.,आप भी इस idea को आज़मा के देखिए,निम्मट गला इद अकेल तुन तिगे मास हूड़ाट
Teachers occupy an ideal position in society.,शिक्षकों का समाज में आदर्श स्थान होता है।,गुरजी लोरा कुटुम ते आदर्श जागा आयता।
The Agra Fort is a fine example of Mughal architecture.,आगरा का किला मुगल वास्तुकला का उत्तम नमूना है,आगरा ता किला मुगल बीनकर कीलेना कुबैय बेसले मुटरेंन मंता
A storm would be devastating the coastal cities.,एक तूफान तटीय शहरों को तबाह कर रहा होगा।,उन्द वड़दुका समुन्द ता ओदा शहेरीनुंग तसनस कीयायता होही।
"So he thought his general knowledge would be good enough,","इसलिए उसने सोचा कि उसका सामान्य ज्ञान काफी अच्छा होगा,",इदेनका ओन लागे मांद कि ओना वांगुने गला पुंदन्ना ता गोक कुबैय बेस आयर।
Kantikar Shriram protected the wildlife of India.,कांतिकर श्रीराम ने भारत के वन्य जीवन की रक्षा की,कांतिकर श्रीराम भारत तं कोट्टुम जीवानुंग पिसिह तुर (राखा कीतुर)
The girl looks into the mirror.,लड़की आईना देखती है।,माट तीहर मानह कीन्तोलाल/किययतोलाल।
Medicinal pulp is made and fed to the animals.,औषधियों की लुगदी बनाकर पशुओं को खिलाया जाता है,मत्क न लोंद्दा पंड्स जानवोरि नुंग तीहि आयता
Indian families are a confluence of joys and struggles.,भारतीय परिवार खुशियों और संघर्षों का संगम होते हैं,भारतीय कुन्दा गिरदा नंग अन लड़ाईता मिलन आंतंग
"In our village, the janmani system was found in inter-caste relationships.",हमारे गांव में अन्तर्जातीय संबंध अन्तर्गत जनमानी प्रथा पाई जाती थी।,मावा नाटे दूसरोर बिराद ते कटलेर उंद आस कियना रीत हूड़ना पुट्न्दु।
Bikes are cheap and convenient to ride.,बाइक सस्ती और सुविधाजनक सवारी है।,पट्पटी सस्‍ता अन काम ते वायना गाडा आंद।
"Divyanka Tripathi on rumours of her death: ""Arre main zinda hoon...""","अपनी मौत की अफवाहों पर दिव्‍यांका त्रिपाठी ने कहा, 'अरे मैंजिंदा हूं...'","आपुना हायले ता अपवह ता पोर्रो दिव्यांका त्रिपाठी इतु, अरे इदेक जिन्दा मन्तोना"
Tabla has dhrut and vilambit talas.,तबला वादन में ध्रुत और विलंबित ताल होते हैं,तबला वादन ते धु्रव लेहका नेकहाना अन पेहचाना आयतांग।
The order of the numbers is given in this verse.,इस श्लोक में संख्याओं का क्रम दिया गया है।,इद श्लोक ते नम्बरींग न आर्डर वेहले आता।
I was always trying to hear new sounds.,मैं हमेशा नई आवाजें सुनने की कोशिश करता था।,नन्ना पुरका (रोजा) पुनंग आवाजिंग केन्जला कोसित कीन्दन।
Copying builds confidence.,कॉपी से आत्मविश्वास बढ़ता है।,कॉपी ते अपुना बिसवास बर्सयता।
Swami Vivekananda said that every person has a part of God.,स्वामी विवेकानंद नेकहा कि हर व्यक्ति में ईश्वर का अंश होता है,स्वामी विवेकानंद इत्तुुर कि सपोय मानेयक ने बगवान त हिस्सा आयता
The voice of the donkey will be heard from a distance.,गधे की आवाजदूर से सुनाई देगी।,गदहा ता लगे लेक तह्हे केंजी आयर ।
They will play at the park tomorrow.,वे कल पार्क में खेलेंगे।,ओर लोर नाड़ बनवड़ ते कर्रसनुंग।
The fisherman is spreading the net.,मछुआरा जाल फैला रहा है।,मिन पयवाल जाल पिटिहतोर।
He went to college.,वह कॉलेज जाता था।,माट आपिस ते बूतो कीदोम ।
"Due to the differences in karaoke, people develop a sense of discrimination.",कराक के भेदों के कारण लोगों में भेदभाव की भावना विकसित होती है।,इवे असेरिना कारेन ते मानेय ता पुनवप कियन्‍ना ता बिचर बर्रसन्‍ना आयता।
I also express my heartfelt appreciation to Sangay Sherpa ji and his colleagues as well as those engaged in the noble cause of environmental conservation across the country.,"मैं, संगे शेरपा जी और उनके साथियों के साथ-साथ देशभर में पर्यावरण संरक्षण के नेक प्रयास में जुटे लोगों की भी ह्रदय से प्रशंसा करता हूं।",नना संगे शेरपा जी अन ओर गोतियालोरिट लोकरा संग’संग देश मेटे मेटा गुता तुन पिसीलबा बने कोशिद ते लगे मानेय कुन गसा जीवा तह सुरता कियायतोनर।
"Taimur Ali Khan's video went viral, the little Nawab showed the attitude again, said - I will not...","तैमूर अली खान का Video हुआ वायरल, छोटे नवाब ने फिर दिखाया एटीट्यूड, बोले- मैं नहीं करूंगा...",तैमूर अली खान ना Video आत वायरल दुडलोर नवाब पेर तोहत ढोंग इतूर नन्ना केवोन
He does not have the courage to admit his mistake. (not having the courage to admit his mistake),अपनी गलती को मानने की उसमें हिम्मत नहीं है। (गलती मानने की हिम्मत न होना),आपुना जुक्ले तुन माने मायना ता ओनागा हिमोत हिल्‍ले आयता।
"No matter how adverse the circumstances, keep your sense of humor alive.","परिस्थितियाँ कितनी भी प्रतिकूल क्यों न हों, अपनी हास्य-भावना को जीवित रखें।","बोचोय घटनंग हतलम बाक्या ना आयो, मति आपुना कवादि-कवहाना तुन जीवोत इर्रट।"
"When a woman smiles, the house smells.","नारी जब मुस्कराती है, तो घर महक उठता है।",मुयतड़ बेसके कवायता असके लोते गंद तेदयता।
Subhas Chandra Bose acquired knowledge of many languages.,सुभाष चंद्र बोस ने कई भाषाओं का ज्ञान प्राप्त किया,सुभाष चन्द्र बोस कुब्बे पल्लोनूंग कर्रिय तुर।
Ashoka made efforts for unity and harmony,अशोक ने एकजुटता और सामंजस्य के लिए प्रयास किए,अशोक उंद सूल अन मीले मास मंदना ता बाटा कोसित कीतुर
He is writing a letter.,वह पत्र लिख रहा है।,ओर चिट्टी कोटयतोर।
The people of India have had a special relationship with the sun for centuries.,भारत के लोगों का सदियों से सूर्य से एक विशेष रिश्ता रहा है,भारत त मानेय तैयटात पोदड़  त उन्द पक्का नत्ता मनता।
Brother will play football.,भाई फुटबॉल खेलेगा।,तम्मो कुड़वल कर्रसनुर
"The food is very hot, let it cool.","खाना बहुत गर्म है, ठंडा होने दो।",गाटो कुबैय कास्ता दड़िगला हीम
"Today, on the occasion of 26th January, a cultural programme was held in the school.",आज 26 जनवरी के अवसर पर स्कूल में सांस्कृतिक कार्यक्रम रखा गया था।,नेंड 26 जनवरी ता मोका ते इस्कूल तिग्गा एंदान्ना डेहकन्ना जलसा तोहल्ले आत।
"At the time of delivery, the local midwife is called, who performs the delivery.","प्रसव के समय स्थानीय दाई को बुलाते है, जिसके द्वारा प्रसव कार्य किया जाता है",परसव त समय अगाडय दाई तुन पुरखा अन प्राकृति त देन माने मायतोर
We will go to a friend's house.,हम दोस्त के घर जाएँगे।,माट लगवारना लोते दाकोम
You were singing.,तुम गाना गा रहे थे।,निम्मा पाटा पारसोर मंदी।
He will wash the fruit with water.,वह पानी से फल धोएगा।,नन्ना एर्र तह काया पडिंग नोर्रतुर।
The weather may change due to the influence of the water cycle.,जल चक्र के प्रभाव के कारण मौसम बदल सकता है,"एर्र ता गुम्मे मायनांक प्रभाव तुन असर ते कयोहड रूप बानीग, आयतांग।"
What will you be doing?,तुम क्या कर रहे होगे?,निमा बाता कीसोर मंदाकिन आयर।
The sea is bordered by Africa to the west and Asia to the east.,यह सागर पश्चिम में अफ्रीका और पूर्व में एशिया से घिरा हुआ है,इद समुंद पश्चिम ते अफ्रीका अन बेरा पसियना के एसिया तह गेरे आले मंता
Women wear colored glass bangles on both wrists.,सुहागिन स्त्रियां कांच की रंगीन चुडियां दोनो कलाईयों में पहनती है,मरमिंग आलेंग मुयताह कांच तंग रंग-रंग नगं सुडिगं रण्डो कैक मे कर्राय तंग।
It is due to your efforts that the sale of Khadi has increased manifold in the country today.,आपके प्रयासों से ही आज देश में खादी की बिक्री कई गुना बढ़ गई है।,"इद मियय कोसित आंद कि, नेंड देश ते कादी त मोमना कयो गुनांग बर्सता"
A healthy society cannot be imagined without cleanliness.,स्वच्छता के बिना स्वस्थ समाज की कल्पना नहीं की जा सकती,निरकुल हिलवेक बेस कुटुम ता गोक उपजेह किया पर्रस आयो आयर
"Yes, it was the sense that we were also","हां, ये भाव था कि हम भी",इंग्गो इद बिचार त मावा गल्ला
He established equality and justice in society.,उन्होंने समाज में समानता और न्याय की स्थापना की,ओर कोटुम ते उंद लेहका अन उंद रीत (न्याय) त थापना कीतूर।
"The castes that lived in our village were Brahmins, Banias, Barbers, washermen, blacksmiths, Gandas, Satnamis, etc.","हमारे गांव में ब्राह्मण, बनिया, नाई, धोबी, लोहार, गांडा, सतनामी आदि जातियां निवास करती थीं।","मावा नाटे बामेन, बनिया, नाउ, दोबी, कारिगिर, गांडो, सतनामी सपोय जातिंग बसे मास मतंग।"
The view from the Tatamari Hill Point in Bastar is a treat for tourists.,बस्तर के टाटामारी हिल पवांइट से चारों तरफ का नजारा पर्यटकों को खूब भाता है।,बस्तेर ता टाटामारी हिल पवाइट तह उंद हूर ता हूड़नह सोवा हूडवालोरकुन कुबैय बिचर वायता।
Who is this crow?,यह गठरी किसकी है?,इद मोटरा बेना?
"In India, worship is not limited to the temple.",भारत में पूजा केवल मंदिर तक सीमित नहीं होती।,भारत ते पूजा केवल मंदेर अवनह सीमित आयो।
Dust will fly in the air.,हवा में धूल उड़ेगी।,वड़दे दुर्रको मंदार।
Am I reading the letter?,क्या मैं चिट्ठी पढरहा हूँ?,बाता नना चिटी पड़हे मायतोना
"Be it our sanitation workers or our veterans from different sectors, Mann Ki Baat has worked to bring everyone together. The affinity and affection that you all have shown for Mann Ki Baat is unprecedented and emotional.","हमारे सफाईकर्मी भाई-बहन हों या फिर अलग-अलग sectors के दिग्गज, ‘मन की बात’ ने सबको एक साथ लाने का काम किया है| आप सभी ने जो आत्मीयता और स्नेह ‘मन की बात’ के लिए दिखाया है, वो अभूतपूर्व है, भावुक कर देने वाला है",मावगा हैयवालोर तमोह-हेलह आयिंग अहनेक पेरे वेगरोह-’वेगरोहsectors तोर दाक बितोर गोक ता पोल्लो तुन कुड़ुहले उन्द पहर तताना तो  बूतो कीतुर मिया कुड़ुहले आपुना अन लाडर्रा लोर ततोरिट गोक ता पोल्लो ता इाटज्ञ अद जोरदार मता अन निया पैय पर्रवह मंता।
People will be moving faster.,लोग तेज चल रहे होंगे।,मानेय जोर ने हंजोर मंद्दानुर  होही।
It's hard to move forward in life without time planning.,समय नियोजन के बिना जीवन में आगे बढ़ना मुश्किल है,टेम तैयार कियाना ते पोरोय हिले जिनगी मुनने बेड़सहना हुडिला आन्द
The body felt the heat of the sun.,सूरज की गर्मी शरीर को महसूस होती थी।,पोड़द ता कासले मेन्दुल कुन महसूस आंद
"A considerable amount of social capital has been invested by the States in capacity building of Joint Forest Management Committees over the years for protection, conservation and management of forests. Should these committees not be converted into the committees mentioned in Rule 4 (1) (4)?","वनों की सुरक्षा, संरक्षण तथा प्रबंधन के लिए विगत 15-20 वर्षों में संयुक्त वन प्रबंधन समितियों के क्षमता निर्माण में राज्यों द्वारा सामाजिक पूंजी का काफी निवेश किया गया है। क्या इन समितियों को नियम 4(1) (४) में उल्लिखित समितियों में परिवर्तित नहीं किया जाना चाहिए?",कोट्टुम न रक्षा राका अन देक-रेक ता बाटा नीरे हेयेटंग वरसा 15-20 वरसा ने सप्पो कोट्टुम ता प्रबंधन समिति ता क्षमता पन्डाना ते राज्यनहक बुमकाली पूंजी ता नेहनय ओले आता। बाता इव समिति नुंग नियम 4(1)(4) ते कोटलेंग समितिनुग बदलह कियाना आयो?
Literature teaches us to share our experiences with others.,साहित्य हमें अपने अनुभवों को दूसरों के साथ बाँटना सिखाता है।,कतांग माकुन आपुना पुन्‍दलेनूंगा दूसरोन ना संग तुसाना कर्रहयता।
These roofs are made under the supervision of the'Vattalakki Cooperative Agricultural Society '.,इन छातों को ‘वट्टालक्की सहकारी कृषि सोसाइटी’ की देखरेख में बनाया जाता है।,इव छातानंग ‘वट्टालक्की सहकारी कृषि सोसाइटी’ ता देकरेक ते पंडयतोर
Education makes a man wise.,शिक्षा मनुष्य को विवेकशील बनाती है।,शिकचा मानेय तुन अक्‍केल बुद बित्‍तल पंडयता।
"Defence Minister Nirmala Sitharaman meets family of Aurangzeb, says family an inspiration for entire nation","शहीद औरंगजेब के परिवार से मिलीं रक्षा मंत्री सीतारमण, कहा- यह फैमिली पूरे राष्ट्र के लिए प्रेरणा","ाहीद औरंगजेब त कुन्दा ते बेट आत रक्षामंत्री सीतरमण, इत्त-इद सपोय राष्ट्रत्क कर्रिलय गिर्रदा"
"My dear countrymen, Namaskar!","मेरे प्यारे देशवासियो, नमस्कार","मावा देस ते मनवालोर लाडरालोरिट, सेवा-जोहार"
And he started pearl farming in his village.,और उन्होंने अपने गांव में मोती की खेती शुरू कर दी।,अन आपूना नर ते ही मालांग ता खेती शुरू कीतूर।
Expectations can be fulfilled.,अपेक्षाएं पूरी हो सकें।,सब पूरा आयींग।
Even a small lamp lit in the field of education can illuminate the entire society.,शिक्षा के क्षेत्र में जलाया गया एक छोटा सा दीया भी पूरे समाज को रोशन कर सकता है।,शिक्षा करिहना ता क्षेत्र ते पोहित चीले उन्द हुडीला डिवरी गला पूरा समाज तून वेश किया परता।
Multi-starrer films like Happy New Year are also made.,हैप्पी न्यू ईयर जैसे मल्टीस्टारर फ़िल्में भी बनती हैं,‘‘हैप्पी न्यू ईयर‘‘ अदामें मल्टीस्टारर फिल्मींग बने मायतंग।
She will read books.,वह किताबें पढ़ेगी।,अद कागेतिंग पड़हे कियर ।
The smell of the fields gives immense pleasure to the mind.,खेतों की महक मन को असीम सुख देती है।,कमायिंग ना दैंगूड़ गोक तुन बेस ता सुकुन हिन्‍ता।
Used to inspire youth for jihad by showing Osama's video: NIA,ओसामा का वीडियो दिखाकर युवाओं को जेहाद के लिए प्रेरित करता थाभटकल : एनआईए,ओसामा ता पोटो तोहच लेयोर कून नोमूर ते भरोशा कियाना भटकल एनआईए
The smell in the air will be unbearable.,हवा में बदबू असहनीय होगी।,वड़ दे कुबेय दैंयग्ले दय पैयापरनह आयो आयर।
These were also abandoned by the Lingos.,इन्हें भी लिंगो ने त्याग दिया था,इदेन गला लिंगो तास्स हीस मतोर
You will be mixing colours in the water.,तुम पानी में रंग मिला रहे होगे।,निमा एर ते रंग की मीलेह कीसोर मंदकोम।
She must be eating sweets.,वह मिठाई खा रही होगी।,अद कजेना तिन्दाना किसोर मन्दर होही।
"Without speaking, he who speaks from the heart - tell me what is it?",बिना बोले जो दिल की बात कह देता है — बताओ क्या है?,वड़कवय जीवा ता पोल्‍लो इन्‍तोर वेहट बाता आंद
"The surrounding area is covered with greenery, with dense forests and rare vegetation.","आसपास का क्षेत्र हरियाली से ढका हुआ है, जिसमें घने जंगल एवं दुर्लभ वनस्पति देखने को मिलती है।",हेरे गुरे ता कोलान लहलहाले मास मुड़दिता। अपेडे कटकटा कोटुम अन ओहवा हीर मोरोल हुड़लो पुटयनंग।
The city is one of the largest cities in the state of Chhattisgarh.,यह शहर छत्तीसगढ़ राज्य के सबसे बड़े शहरों में से एक है।,इद सहर छत्तीसगढ़ राज ते सबले बरहा सहर तह उन्‍द आन्‍द।
The woman of India carries the power of inspiration in her silence.,भारत की नारी अपने मौन में प्रेरणा की शक्ति समेटे होती है।,भारत तंग मुयताड़ आपूना केमेक मंदना कर्रियनह ता लाव उड़हाना आंता।
His poems became a medium to bring change in the society.,उनकी कविताएँ समाज में बदलाव लाने का माध्यम बनीं,अदेनंग पीटोंग समाजते बदलाव तताना माध्याम बनेमात।
The Rath temples of Mahabalipuram are part of Indian archaeology.,महाबलीपुरम के रथ मंदिर भारतीय पुरातत्व का हिस्सा हैं,महाबलीपुरम ते रथ मंदेर भारतीय पुरातत्व ता हिस्सा आंद।
Students will write the answers.,छात्र उत्तर लिखेंगे।,पेकोर उत्तर कोटयनुर
The temples of India are the gates of meditation and mindfulness.,भारत के मंदिर ध्यान और ध्यानावस्था के द्वार हैं।,भारत तंग मंदेर दियान अन दियान अन हूजाड़ तह आंद।
The rotation of the Earth also has an effect on the flow of climate.,पृथ्वी के घूर्णन का प्रभाव जलवायु के प्रवाह पर भी होता है,दरती ता गश्त ता असर मौसम ता मुने बड़ेसहना ता आनता।
To increase the interest of Maths.,Maths के interest बढ़ाने के लिए।,गणित ता Interest बर्सहना बाटा।
Jagdish Ji decided to address this crisis through tree plantation,जगदीश जी ने वृक्षारोपण के माध्यम से इस संकट का समाधान करने का निर्णय लिया,जगदीश जी इद ऐर्र दा अड़चन तुन माईहला पोदेलांग उर्रसना ता बाटा जिद्द कीतुर।
I was going to watch a movie with you.,मैं तुम्हारे साथ फिल्म देखने जा रहा था।,नन्ना मिया संग पिलिम हूड़ला हंजोर मतोना
"Modi ji - Sukhdevi ji, how old are you?",मोदी जी- सुखदेवी जी आपकी उम्र कितनी है?,"मोदी जी - निया उमेर बचों मंता सुखदेवी जी,"
This man had brought sugarcane.,यह आदमी गन्ने लाया था।,वेर मानेय कुसियार तच मतोर।
The tradition of deifying the sun in India reflects scientific thinking.,भारत में सूर्य को देवता मानने की परंपरा वैज्ञानिक सोच को दर्शाती है।,भारत ते पोड़द तुन पेन माने मायना त  रीति वैज्ञानिक बिचार तुन बेहायता।
You will be a teamwork improver.,तुम टीम वर्क में सुधार करने वाले होगे।,निम्मा टीम बूतो तुन सुदरेह केवल आयकी।
"Friends, in a war situation, we do what we say.","साथियो, युद्ध की परिस्थिति में, हम जो बात कहते हैं,  करते हैं,",गोतियालोरिटिलोर लड़ाई लेहका आले ते माट जो पल्लो वड़काय तोर अन किययतोराट
Will I be talking on the phone?,क्या मैं फोन पर बात कर रहा होऊँगा?,बाता नना फोन ते बड़्कसोर मंदाकन आयर ?
I won't teach much in my life.,मैं अपने जीवन में बहुत कुछ नहीं सिखाऊँगा।,नन्ना आपुना जिंल्गी ते कुबैय बताय करहोन आयका
Indian family values promote solidarity in crisis,भारतीय पारिवारिक मूल्य संकट में एकजुटता को बढ़ाते हैं,भारतीय पारिवारिक पैसंग हिलवेक उन्द गुट आस मुन्ने बरसाहन्तोर
"Leave half and run to the full, half will not get full.","आधी छोड़ पूरी को भागे, आधी मिले न पूरी पावे।",आदोह विड़च सपय काजे वितितुर आदोह पुट्टो न सपय
We will always be supporting each other.,हम हमेशा एक दूसरे का समर्थन कर रहे होंगे।,माट जरमें बर्रोन इबूना संग हीसोर मन्दोग होही।
Kadak tea also shares its affinity with villages in India.,भारत के गाँवों में कड़क चाय भी अपनापन बाँटती है।,भारत तंग नाहक ने लद्व-लद्वा चहा गला आपुना मया तुन तुसयता।
"India's rail lines connect villages, towns, and mountains.","भारत की रेल लाइनें गाँव, शहर और पर्वतों को जोड़ती हैं।",भारत तंग रेल लाइनींग नाहक शहर अन मेट्टा कुन जोड़े कियायतंग।
"The respect that India has earned on the world stage,","विश्व-मंच पर भारत ने जो सम्मान अर्जित किया है,","बुम -झलसा ते भारत बुद्द मान-दान अविहता,"
Survey work in the coal district from the Sela area in the past has resulted in an estimate of additional coal reserves of 1 lakh tonnes.,कोयला-जिला में सैला क्षेत्र के पूर्व से ही सर्वेक्षण कार्य फलस्वरूप 511.15 लाख टन कोयले के अतिरिक्त मंडार का अनुमान है।,हिरकिंग जिला ते सैला वोलान त उड़ती ते सरबे बूतो तापर्रके 511.15 लाख टन हिरकिंग न अतिरिक्त भंडार मन्ता
I was starting a very new day in my life.,मैं अपने जीवन में बहुत नए दिन शुरू कर रहा था।,नना आपुना जिलंगी ते कुबैय पूना दिय्यांमूड कीसोर
And we don't want to lose that.,और इसलिए हमें ये गंवाना नहीं है।,अन अदेनक माकुन इद माय हाना आयो।
I'll be waiting for you all day.,मैं दिनभर से तुम्हारा इंतजार कर रहा होऊँगा।,नना मुलनह निया हर्र हूड़सोर मंदका।
"Friends, India is also sharing its success in the space sector with its neighbouring countries.","साथियों, अंतरिक्ष क्षेत्र में भारत अपनी सफलता को अपने पड़ोसी देशों के साथ भी साझा कर रहा है।",गोतियालोरिट जोजोन ता हर्र दे भारत आपनुंग पंडलेंग - तोहलेनुंग आपुना ओदातंग देशकना संग गला वेहयता
Without breath that lives forever - tell me what is it?,बिना सांस लिए जो हमेशा जीवित रहता है — बताओ क्या है?,निनास लेवा पुरकत जीवोत मंता वेहट बाता आंद
Yesterday I was starting a new life.,कल मैं एक नया जीवन शुरू कर रहा था।,निन्ने नन्ना उंद पूना जिलेगी मूड़ कीसोर मतोना।
Many nurseries work to provide better seeds to farmers.,किसानों को बेहतर बीज उपलब्ध कराने के लिए कई पौधशालाएँ काम करती हैं,किसान लोर कून बेसता वीजा उपलब्ध कीयाना त बाटा कूबैय पौध  शालांग काम कीयान्तांग
Children with special needs are taken care of in the education of children.,बच्चों की शिक्षा में विशेष आवश्यकता वाले बच्चों का ध्यान रखा जाता है,पीलाना शिक्षा ते विशेष आवश्यकता वाले पीलाना दीयान इराना आयता।
Cultural traditions survive through folklore.,लोककथाओं के माध्यम से सांस्कृतिक परंपराएँ जीवित रहती हैं।,लोक कथा ना ओड़ ते लेंग दस्‍तुर जीवोत मनतंग।
"In India, the Rath Yatra is considered a symbol of the journey of life.",भारत में रथ यात्रा जीवन की यात्रा का प्रतीक मानी जाती है।,भारत ते रथ यात्रा जिल्‍गी ता यात्रा ता प्रतीक माने मायना आयता।
"Our sense of worship should be that we understand the importance of skill, and skilled people, no matter what job they do, should be respected.","हमारी पूजा का भाव यही होना चाहिए कि हम skill के महत्व को समझेंगे, और skilled लोगों को, चाहे वो कोई भी काम करता हो,",मावा सेवा अर्जीता बीचार इद्रदे आयी की मांट पुंदले-मंदले पहजे समझें माईट अन पुंदलेर मानेय कुन बोरेगला कयोटड बूतो कीयातोर होही।
The surrendered Vatsal God protects His devotees.,शरणागत वत्सल भगवान अपने भक्तों की रक्षा करते हैं।,कोरा ते वालेर मानेय पोर्रो मया कियना बगवान आपुन तुन माने मायवालोर कुन राका कियय तंग।
"Queen Victoria's wedding cake sells for £1,500 in UK","ब्रिटेन में महारानी विक्टोरिया की शादी के केक का टुकड़ा 1,500 पौंड में बिका","ब्रिटेन ते महारानी विक्टोरिया नंग मरमिंग न केक ता कुटका 1,500 पौंड ते ममतुर।"
They must be going to the vegetable market.,वे सब्ज़ी बाजार जा रहे होंगे।,ओर कुसीर हाटुम हंजोर मतोर होही ?
of any kind of violence.,किसी भी प्रकार की हिंसा से,बद्दमे गला प्रकार ता हिंसा ते
Awareness against social evils increased,सामाजिक बुराइयों के खिलाफ जागरूकता बढ़ी,बूमकाल गलतीता किलाप समझदारी बढ़हेमात।
Injustice was growing in the air.,हवा में अन्याय बढ़ रहा था।,वड़ियदा पंद नीवाय बर्स्सोर मंद।
"Both are hundreds of kilometers away from each other,","दोनों ही, एक-दूसरे से सैकड़ों किलोमीटर दूर हैं,","रन्डो, वर्रो -वर्रोनह सैकड़ो किलोमीटर लेक मन्तोर"
I will make a lot of things in my life.,मैं अपने जीवन में बहुत कुछ बनाऊँगा।,नन्ना आपूना जिंल्गी ते कूबे वेला पण्डका
She worships Shiva and then eats fruits at night.,व शिवजी की पूजा करने के बाद रात्रि में फलाहार करती है,अत स्पूरल द अर्जी किस मंजल हीकट ते पूलपूल तिन्तांक।
Indian missions in various countries will hold yoga programmes at sunrise local time.,विभिन्न देशों में भारतीय मिशन वहां के स्थानीय समय के अनुसार सूर्योदय के समय योग कार्यक्रम आयोजित करेंगे।,वर्रह-वर्रह देशक ते भारता ता उद्देश्य अगा डा इगाडा बेरा लेहका पोड़द पसियाना ता पहर योगा जलसंग तियार कियाकट
She has donated all her earnings for the education of her daughters.,उन्होंने अपनी सारी कमाई अपनी बेटियों की शिक्षा के लिए दान कर दी है।,अपुनंग सपय कमय मियहकुना पढ़य ता बाटा दान कीतुर
Experience is important in the game of chess.,शतरंज के खेल में अनुभव महत्वपूर्ण है,शतरंज केल ते अनताज कियना वेल्लय कास आँद
"Delhi's Kumbh Mela is a religious and cultural festival, which attracts people from all over the country and abroad.","दिल्ली का कुंभ मेला एक धार्मिक और सांस्कृतिक पर्व है, जिसमें देश-विदेश से लोग शामिल होते हैं।",दिल्‍ली ता कुंभ मण्‍डेय उन्‍द निरकुल अन बाना तंग एन्‍दनंग कर्रसनंग ना तिहार आंदअगा देस-बिदेस तोर मानेय सामिल आयतोर।
Gold art combines traditional and modernity,स्वर्ण कला में पारंपरिक और आधुनिकता का मेल होता है,स्वर्ण कला ते रीति-नीति अन्न नेटेदिया ता मिच्चेर मनता
The lion will keep an eye on its prey.,शेर अपने शिकार पर नज़र रखेगा।,बुर्रकाल आफना सिकार ते कोण्डा इर्रर
"In the culture of India, both the hut and the palace have dignity.",भारत की संस्कृति में झोंपड़ी और महल दोनों में गरिमा है।,भारत ता बानी ते कार्र बिती लोन अन बरहा लोन रंडोसक ना मान गुन आंद।
"The baiga plays an important role in the mud-slinging, he fills the soil of the field in a kalash and keeps it in the middle of the mud-sling.","मडवा गाड़ने में बैगा की महत्वपूर्ण भूमिका होती है, वह खेत की मिट्टी को एक कलश में भर कर मडवा के मध्य में रखता है",मण्डा उर्रसकना ते पूजर ना खास डेरा आयता ओर नेदा तोड़ियदुन उन्द टांड ते निध्य मंजल मण्डा त नडुम इर्रमतोर
"India's Nari Shakti has today dominated science, sports, politics.","भारत की नारी शक्ति ने आज विज्ञान, खेल, राजनीति में परचम लहराया है।","भारत तंग मुयताह लाव नेड विज्ञान, खेल, राजनीति ते पेरचम हिले आता।"
The car drove away.,गाड़ी तेजनहीं चली।,गाडा जोर ने चले मायो।
Let us all salute the bravehearts of Kargil,आइये हम सब कारगिल के वीरों को सलाम करें,कारगिल तोर पड़योरकुन माटसपय जोहार केविट
The child buys balloons.,बच्चा गुब्बारे खरीदता है।,ओर अपुना पढ़य ते मेहनत कीयायतोर
Morris takes South Africa to victory on the last ball,मॉरिस ने अंतिम गेंद पर दिलाई दक्षिण अफ्रीका को जीत,मारिस ने आंकरी बाल दे हितुर दक्षिण अफ्रीका तुन जीक
"The main work of the community is rope making and other fibre related work as well as basket, broom, soup, etc.","समुदाय  का मुख्य कार्य रस्सी बनाने व रेशा संबंधी अन्य कार्य के साथ टोकरी, झाडू, सूपा आदि बनाने का कार्य भी करते है","कुटुम ता परमुख बूतो डोर पंडाना, अन रेशा सम्बन्धतंग दुसोर बूतो ना संग बूटी कैसुर हेती इच्चोय पंडाना ता बूतो गला किय्यतोर"
"But at the same time, our sensitivity and the feeling of holding each other's hands is equally important.","लेकिन इसके साथ ही, हमारी संवेदनशीलता और एक दूसरे का हाथ थामने की भावना, उतनी ही अहम होती है।","मति इदेनय संग मावा सोचे समझे मायना त लाव अन वर्रोह-वर्रोह न कय दुन पथना तबावना, अचोय अहम आयता ।"
Dad will go for a walk in the evening.,पापा शाम को टहलने जाएँगे।,बाबल मुलन होक वलियलह दायनुर
He used to exercise every day.,वह रोजाना व्यायाम कर रही थी।,अद रोजाय व्यायाम कींद/कीसोर मत्ता।
Every colour has its own festival in the culture of India.,भारत की संस्कृति में हर रंग का अपना त्योहार है।,भारत ता बानी ते सपोय रंग ता अपुना तिहार आन्‍द।
The system that has prevailed in the last seventy years,पिछले सत्तर साल में जो व्यवस्था चली,सत्तर वरसंग मुन्ने ते जो व्यवस्था चले मात
Many musicians incorporate their personal experiences into their songs.,कई संगीतकार अपने व्यक्तिगत अनुभवों को अपने गीतों में शामिल करते हैं,कयोजन रूजुम केवालोर आपुना कमोड़ तहानुंग आपुनंग पाटाने मीलह किययतोर ।
Life was a journey.,जीवन एक यात्रा थी।,जिल्गी उन्द दायना-वायना मन्द।
Indians settled in other countries have achieved success in various fields.,दूसरे देशों में बसे भारतीयों ने विभिन्न क्षेत्रों में कामयाबी हासिल की है।,दुसरे देसक ने मनवालोर भारत तोर कुबैय पल्ला ने सफलता कलियतोरे।
"We have to set an example for boys, they will definitely change: Amitabh Bachchan","हमें लड़कों के सामने उदाहरण पेश करना होगा, वे जरूर बदलेंगे :अमिताभ बच्चन",माकुन पेकोरा मुनके उदाहरण पेस किया लागर वेर जरूर बदले मायनुर: अमिताभ बच्चन
Children play on a swing.,बच्चे झूले पर खेल रहे हैं।,पीलंग जोली ने कर्रसयतंग।
The artist expressed emotions through colours.,कलाकार ने रंगों से भावनाओं को व्यक्त किया।,बिनकर रंगिंग तह बिचारिंग नुंग इन्‍दाना कीतु।
Tanu's father Rajbir Singh is a school bus driver in Rohtak.,तनु के पिता राजबीर सिंह रोहतक में स्कूल बस ड्राइवर हैं।,तनु ना बाबाहरल राजबीर सिंह रोहतक ते उन्द इस्कूल तोर ड्राईवर आंदुर।
who protect our borders.,जो हमारी सीमाओं की रक्षा करते हैं,जो मावंग हंदीना रेक-डेक कियायतोर
Dust will be accumulating in the air.,हवा में धूल जम रही होगी।,वड़ दे दुड़को जम्मे मासोर मंदर होही।
The artists danced on the stage.,कलाकार मंच पर नृत्य करते थे।,बिनकर मंच ते एद्ना कीन्दूर।
"As tourism grows,","जैसे-जैसे पर्यटन बढ़ता है,","इदमें-इदमें पर्यटन बेड़सानता,"
The leader is giving a speech.,नेता भाषण दे रहा है।,नेतल भाषण किययतोर
"Every time, the novelty of new examples, every time the expansion of new successes of the countrymen","हर बार, नए उदाहरणों की नवीनता, हर बार देशवासियों की नई सफलताओं का विस्तार",इद बेरा पुनांग नमुनांग ना पुनांग-पुनंाग सबोय पहर देश तोरा पुना टप्पिता वायना आत।
Education leads to success in life.,शिक्षा से जीवन में सफलता मिलती है।,शिकचा तह जिंल्‍गी ते जीकन्‍ना पुटयता।
They were identified by their tools and art,उनकी पहचान उनके औजारों और कला से होती थी,ओर कुन सीनेमायना ओरंग होड़लेंग बीडारिनह अन बिनकर बूतो नह आयता।
"Today, they have over 800 colonies, and sell tons of honey","आज उनके पास 800 से ज्यादा कॉलोनियां हैं, और वो कई टन शहद बेचते हैं",नेण्ड ओरागा 800 तह जादा लोहक मंतंग अन ओर बचोके टड़ पूकिंग ममयतोर
You used to go for a run every day.,तुम रोज दौड़ने जाते थे।,निम्मट रोज्जय वित्ला हन्दोम।
Events and situations in society often inspire us to think from a new perspective.,समाज में हो रही घटनाएँ और परिस्थितियाँ अक्सर हमें नए दृष्टिकोण से सोचने की प्रेरणा देती हैं।,बुमकाल ते आयलेंग गटनंग अन हालातिंग बेरी-बेरी माकुन पुना लेहका हुड़ना तह सोचे कियना ता कर्रियना।
We respect everyone.,हम सभी का सम्मान कर रहे होंगे।,माक सप्योयलोरा मान कीसोर मंदाकोम होही।
You will always be ready to help.,आप हमेशा मदद के लिए तैयार रह रहे होंगे।,निम्मा जरमे मदेद ता काजे तियार आसोर मतोन होही।
This is their life mantra.,इनका तो जीवन मंत्र यही है कि,एना गला जीवन मंत्र इद्दे आंद अन
We all know that patents increase the intellectual property of the country.,"हम सब जानते हैं कि पेटेंट से देश की Intellectual Property तो बढ़ती ही है,",माक सब्बोय पुन्तोरट की पेटेंट तह देश ता Intellectual Property बेरससोर दायता।
Does everyone have a cow?,क्या सबके पास गाय भैस है?,बाले कोन्ढेड़ग भरे गोटक मिन्दे?
Kathak dance presents stories through dance.,कत्थक नृत्य में कथाओं को नृत्य के माध्यम से प्रस्तुत किया जाता है,कत्थक नृत्य मे कथा नांग नृत्य (एन्दाना ) माध्यम ते मडुम पसीयस एन्दांयतोर।
"Everyone is thinking that quarantine means going to jail, it is not so","सब यही सोच रहे हैं कि क्वारंटीन का मतलब जेल जाना है, ऐसा नहीं है",सपय कोरोन टाइन मतलब उन्द जेलदे दायना लेहका मानेय गोक कियायतोर अद इदम आयो
Library is a medium of sharing knowledge.,पुस्तकालय ज्ञान बांटने का माध्यम है।,कागेत डेरा  अक्‍केल तूसयन्‍ना ता जरिया आंद।
"When I last spoke to you in'Mann Ki Baat ', passenger trains were closed.","जब मैंने पिछली बार आपसे 'मन की बात' की थी, तब यात्री ट्रेनें बंद थीं।","अस्के नन्ना पर्रेटा बेरा मियातह ‘गोक ता पोल्लो‘ कीस मतोना, अचोन चंेेमदहमत ट्रेन्क बंन्द आस मता"
Mahua is collected and stored by drying it in the sun.,महुआ का संकलन कर धूप में सुखाकर संग्रहण करते है।,इरूह कुन गूडिहच एद्दिते ओड़स मंजल उंद जागा ईरयतोर।
"in which the speciality, ability and talent of every daughter and son is identified,","जिसमें हर बेटी-बेटे की विशेषता, क्षमता और प्रतिभा की पहचान हो,","अपे बोद्दे गला मियह-मर्र्कना सीना तुन, अवेहना पर्रले तुन अन अवेहना अकल गोक सीने मानह आयी"
The copy is the student's identification.,कॉपी विद्यार्थी की पहचान होती है।,कापी पडृहे केवालोरा सीना आयता।
Every problem can be solved by devotion to God.,भगवान की भक्ति से हर समस्या का हल संभव है।,बगवान ता बिसवास तह सपय अड़चेन ता हर्र पसियला पर्रता।
"Wherever you look, you will realise that India's fight is people-driven","आप जहां भी देखेंगे, आपको एहसास होगा कि भारत की लड़ाई जनता द्वारा संचालित है",निम्मा बगय गला नजेर लगास्कीम्ट निकुन पुत्ताप लेहका आयर कि भारत ता लड़ेय मानेय तुन चलेह कीयाना आन्द
Life in the air was reduced.,हवा में जीवन कम हो गया।,वड़ ते जिल्गी कम आयला आता।
The sun will be shining.,सूरज चमक रहा होगा।,पोड़्द दिरमिडिं़ग हिसोर मंदार होही।
He made significant contributions to Indian politics.,उन्होंने भारतीय राजनीति में महत्वपूर्ण योगदान दिया,ओरा भारत ता राजनीति ते कुबेय कास मता अन संग हियाना आत।
I don't cover everyone in size - tell me who I am?,"मैं आकार में नहीं, पर सबको ढँक लेता हूँ — बताओ मैं कौन हूँ?",नन्‍ना मुरहेन आयोन मति सपोय तुन मुचतोना वेहर नन्‍ना बाता आंदन
The morning of the forest echoes with the song of the birds.,जंगल की सुबह पक्षियों के गीत से गूँजती है।,कोट्टुम ते लिलवल वर्रे लेवय वितयता।
Grandma must be telling the story.,दादी कहानी सुना रही होंगी।,आजी पीटोंग केंजसोर मंदर होही।
"US Vice President Mike Pence calls Pakistani PM for hostages'release, says'thank you'","अमेरिका के उपराष्ट्रपति माइक पेन्स ने बंधकों की रिहाई के लिए पाकिस्तानी प्रधानमंत्री को कहा, थैंक्स..",अमेरिकी ता उपराष्ट्रपति माइक पेस दोहलेर कुन तसना ता पाकिस्तानी प्रधानमंत्री न इत सेवामान
You will be moving towards your dreams.,तुम अपने सपनों की ओर बढ़ने वाले होगे।,निम्मा अपुनंग सपना निके हनवल आयकी ।
Mango is called the king of fruits.,आम को फलों का राजा कहा जाता है,मरका तुन कायंग न राजल इंदाना आयता।
The boat moves in small streams.,नाव छोटी-छोटी धाराओं में चलती है।,डोंगा हुडिलंग-हुडिलंग दारिने दायता।
"For agricultural purposes like copra and carts for carrying paddy, etc., buffalo is more suitable.",कृषि कार्यो जैसे कोपर एवं धान ढोने हेतु गाडी आदि के लिए भैस ज्यादा उपयुक्त होता है,कमाय बूतो लेहका कोप्पीड़ अन वेंजिंग ओयना बाटा गाड़ी इचोव्क एड़मिंग जादा बेस आन्तंग।
The trees will sleep.,पेड़-पौधे सोएंगे।,मराक-पोदेलंग हुंजानुंग।
Write down 10 ways to conserve water.,पानी को बचाने के कोई 10 उपाय लिखों।,एर्र तुन पिसह्ना बजे 10 उपेय कोट्ट।
This has given a lot of opportunities to the startups working in this field.,"इससे इस क्षेत्र में काम करने वाले Startups को बहुत सारे अवसर मिले हैं,",इदेनह इद हर्रदे बूतो केवालोर कम्पनी नोर मोकंग पुट्टतंग।
Farmers find it difficult to grow crops during droughts,सूखे के दौरान किसानों को फसल उगाने में कठिनाई होती है,वतले बेरा किरननक अनम तुन वितानते अड़चेनी नुंग पुनह कियायतोर
"Women, men and children used clay in the past to wash their hair.",बाल धोने के लिये स्त्रियां एवं पुरूष व बच्चे पूर्व में चिकनी मिट्टी का उपयोग करते थे,कल्क नोरला मुयतह अन कोयतोर पीलांग मूने पीवरी तोड़िय छुन उपयोग कीन्दूर
Generations in India light lamps of rites.,भारत में पीढ़ियाँ संस्कारों के दीप जलाती हैं।,भारत ते पीढ़ीग संस्‍कार तंग दियनुंग पोतहमतंग।
"Modi ji: Let's say Sunita ji, many congratulations to you from my side.",मोदी जी : चलिए सुनीता जी मेरी तरफ से आपको बहुत-बहुत बधाई।,मोदी जीः दय सुनीता नावा तिकेडह नीकुन बहुत बहुत आसीद।
perfected the ideal of freedom.,स्वतंत्रता के आदर्श को पूर्णता प्रदान की।,स्वतंत्रता ता आदर पूरा-पूरा पुटान्ता।
This initiative has particularly appealed to the youth of our country.,इस पहल ने विशेष रूप से हमारे देश के युवाओं को आकर्षित किया है।,इद मूड़ मावा देश तोर लेयह-लेयोरकुन खास रूप ते अपुनप वड़का पिड़िगता
There was an imbalance in the air.,हवा में असंतुलन बढ़ रहा था।,वड़ियदे डिवडव आयना बर्स्सोर मंद।
They are swinging.,वे झूला झूल रहे हैं।,ओर जुलांम उगांय तोर।
The National Talent Search Examination encourages students.,राष्ट्रीय प्रतिभा खोज परीक्षा छात्रों को प्रोत्साहित करती है।,राष्ट्रीय प्रतिभा खोज परचो  (परीक्षा) पड़हे केवालोर कुन कर्रियनह लाव हियायता।
"Indian dance forms such as Bharatanatyam, Kathak and Odissi are famous.","भारतीय नृत्य शैलियाँ जैसे भरतनाट्यम, kathak और ओडिसी प्रसिद्ध हैं",भारत त एंदना तरीकांग इदम लेहका कि भरतनाट्यम कथक अन ओडिसी नामजागी आंदुंग ।
He was mostly dedicated to his work.,वह अधिकतर अपने काम के प्रति समर्पित थे।,ओर वल्ला कीस आपुनंग बूतोना काजे होपे मास मंदुर।
Dilwale Dulhania Le Jayenge is a timeless love story.,दिलवाले दुल्हनिया ले जाएंगे एक कालजयी प्रेम कहानी है,‘‘दिलवाले दुल्हनिया ले जायेंगे‘‘ उन्द कालजयी प्रेम कहानी मन्ता।
The students were doing homework.,छात्र होमवर्क कर रहे थे।,पढ़हे केवालोर होमवर्क कीसोर मन्दुर।
Sorghum is sown and the seeds of millet are sent to'Kopar '.,ज्वार बाजरा के बीज को बोआई कर ‘‘कोपर’’ चला दिया जाता है,ज्वार जोहड़ेंग न विज्जा तुन वीत्स कुलिंग कोप्पीड़ हीसियान्तोर।
"Payals were made of silver, dalda, gold, etc.","पायल चांदी, डालडा, सोने इत्यादि के बनाए जाते थे।","पैरपट्टी साँदी, डालडा, सोन इच्चो ता पंडन्दुंर"
What is the name of his servant?,उसके नौकर का क्या नाम है?,ओनग काम कियानोना बाता पेदेर?
"Unnao: Car carrying STF officials meets with accident, driver killed, 5 injured","उन्नाव: सड़क हादसे का शिकार हुई STF अधिकारियों की कार, ड्राईवर की मौत, 5 घायल","उन्नवः सड़ेक ते बेरहाय गटना ता पारेद आत STF अधिकारी ला कारमोटोर, ड्राईवर न आत हायना, 5 नोमूर"
"Today, India's start-up ecosystem is not limited to big cities, but it is also growing.","आज भारत का स्टार्ट-अप इकोसिस्टम सिर्फ बड़े शहरों तक ही सीमित नहीं है,",नेड भारत ता मुड कियना जीवा पोर्रो जीवा पिसहना सिरतोम बेहरंग शहरी नह ही हिल्ले।
A solar flare will emanate from the sun.,एक सौर ज्वाला सूर्य से निकलेगी।,उन्द पोड़द किस पोड़द तह पसियर।
The social development of all of us may be stunted because of the Karak divide.,कराक के भेद के कारण हम सभी का सामाजिक विकास रुक सकता है।,कारेन ता परेक ता मारे मावा सपोय ता बुमकाल पंडीयना बूतो रोमला पर्रयता।
The actor will be shooting for the film.,अभिनेता फिल्म की शूटिंग कर रहा होगा।,जेल कार पिलिंग तासुटिंग कीससोर मंदानुर होही।
"In the forest, monkeys feed on fruits.",जंगल में बंदर फलों से पेट भरते हैं।,कोटुम्‍म ते मुस्‍क पलिनाह पोट्टा निहायतंग।
The life of the forest depends entirely on nature.,जंगल का जीवन पूरी तरह प्रकृति पर निर्भर करता है।,कोटुम्‍म ता जिल्‍ंगी लेहका पुर्रूड़ त आसरा किय्यता।
New courses are being added to Sunday schools,रविवारीय विद्यालयों में नए पाठ्यक्रम जोड़े जा रहे हैं,एतवार दिया लगे मायना इस्कुह ने पुना पाठयक्रम तुन मिलेह कियाना आयता।
Doctors give medicines to patients.,डॉक्टर मरीजों को दवा देते हैं।,यायल लोतुन साफ कीयायता।
People are struggling to find drinking water.,लोगों को पीने के पानी के लिए संघर्ष करना पड़ता है।,उन्डला एर्र त बाटा लड़ेय कियाना पड़ायता।
People will be relaxing.,लोग आराम कर रहे होंगे।,मानेय रोमयन्ना  कीसोर मंदानुर  होही।
We were going to the market.,हम बाजार जा रहे थे।,माट हाटुम हन्जोर मंदोम।
Every particle of the Indian psyche is a gift of culture.,भारत जनमन का प्रत्येक कण संस्कृति की सौगंध है,भारत मानेय ता राय तुन सपोय उुरोम बानी ता किरीया आंद ।
His works bring out the realities of life,उनकी रचनाएँ जीवन की वास्तविकताओं को उजागर करती हैं,ओना रचनाग जिल्ंगी ता सत्याता तुन तोहयता।
"On Friday, there was a special program in the school.",शुक्रवार को स्कूल में विशेष कार्यक्रम हुआ।,सुकुरवार दिया स्‍कूल दे अलगे बूतो आत।
"In India, every note becomes the sound of life.",भारत में हर स्वर जीवन की ध्वनि बन जाता है।,भारत ते सपय स्वर जिंल्गी ता लेंग बने मायता।
Some people even dedicate their entire life's earnings to the environment and animals.,कुछ लोग तो अपने जीवन की पूरी कमाई पर्यावरण और जीव-जंतुओं के लिए समर्पित कर देते हैं,उचु जन तो आपुना जिन्दगी त पूरा कमाय तुन पर्यावरण अन जीव-जन्तु न बाटा समर्पित किस हियानतोर
Literature can spark a change in society.,साहित्य समाज में बदलाव की चिंगारी जगा सकता है।,कतांग कुटुम्‍ब ते बदले मायना त चिंगारी तेदला पर्रता।
You had an operation.,आपका कोई ऑपरेशन हुआ था,निया बाताया आपरेसन आता
The river was worshipped as a deity by the Manuas.,मनुय नदी को देवी-देवताओं के रूप में पूजते आए थे।,मानेय डोडा तुन पेन पुरखा ता रंग ते सेवा कीन्दूर
His leadership is an inspirational story for all sections of society.,उनका नेतृत्व समाज के सभी वर्गों के लिए प्रेरणादाय कथा,ओना मुक आस बूतो कियना बुमकाल तोर सपय बानी नोरा बाटा अकल कर्रियनह मत्ता।
The woman of India also connects broken hearts with her affection.,भारत की नारी अपने स्नेह से टूटे दिलों को भी जोड़ देती है।,भारत ता मुयतड़ आपुना माया देगलेंग तडकिनुंग गला जोड़ह किययता।
"Without me, knowledge is incomplete - tell me what I am?",मेरे बिना ज्ञान अधूरा है — बताओ मैं क्या हूँ?,नावा लेवा पुदंन्‍ना आदोह आंद वेहट नन्‍ना बाता आंदन ?
It makes nature beautiful.,प्रकृति को मनोरम बनाता है।,पुरूड़ तुन गिर्रदा वानह पंडायता।
A portion is given to him separately.,उसे एक भाग अलग से दिया जाता है,ओन उन्द बांटा अलग हियान्तोर।
A volcano was erupting.,एक ज्वालामुखी फट रहा था।,उन्द ज्वालामुखी पोक्सोर मंद।
The rivers of India are not only water sources but also cultural heritage.,"भारत की नदियाँ केवल जल स्रोत नहीं, सांस्कृतिक धरोहर भी हैं।","भारत तंग डोडांग केवल एर्र त पोगना  आयो, रीति-रिवाज तह विरासत गला आंद।"
The helicopter has large blades.,हेलीकॉप्टर में बड़े-बड़े ब्लेड होते हैं।,हेलीकप्‍टर ता आविसकार २० वी सदी ते आत।
There are several species of vultures in the Indian wildlife.,भारतीय वन्यजीव में गिद्ध की कई प्रजातियाँ हैं,भारत तंग कोटूम जीवाने रवनाल तंग कुबैय प्रजातिगं मंताग
"Friends,","साथियो,",गेतियालोरिट
Who is God in your house?,आपके घर मे कौन-कौन देव है?,मीलोत्तेगू बेव-बेव दय्याक मिन्दे।
We will buy new books.,हम नई किताबें खरीदेंगे।,माट पुना कागेतिंग असकोम
The seed of tolerance has been deeply planted in the soil of India.,भारत की मिट्टी में सहनशीलता का बीज गहराई तक रोपा गया है।,भारत ता तोडि़य दे सहे मायना ता विजा लोप्‍पा एवनाह उर्सले आता।
Indian airports are safe for passengers.,भारतीय हवाई अड्डा यात्रियों के लिए सुरक्षित है,भारत ता हवाई अड्डा हनवालोरा वायवालोरा काजे सुरक्षित मंता ।
"Just by saying Rani, one gets to know that there is a place in the middle of the village of Mati Mata, who is respected like a queen.","रानी कहने से ही पता चल जाता है कि गाँव के बीच एक स्थान माटी माता का है, जो रानी के जैसे सम्मानित है","रानी इतेके पुनह आन्ता नार्र त नडुम उन्द जगा तोड़यी अवाल और, अगा रानी न लेटका सम्मान आन्ता"
I would like to congratulate our scientists and technicians for this great achievement.,मैं अपने वैज्ञानिकों और तकनीशियनों को इस महान उपलब्धि के लिए बधाई देना चाहता हूँ।,नना आपुना वैज्ञानिक लोर अन तकनीशियनलोर कुन इद महान उपलब्धि कीतोर ताना हेननक बधाई हियांतोना।
The social system in the Indus Valley was very well organized.,सिंधु घाटी में सामाजिक व्यवस्था बहुत सुव्यवस्थित थी,सिन्धु घाटी ने कुटूम्ब ता बेवस्था कुबैय संगने मीलेमास कीतुर।
My disabled people are not being empowered.,मेरे दिव्‍यांगजनों को सामर्थ्‍यवा र्थ्‍य न बना रहे हैं।,मावोर आंदांग कोड़िया लोर कुन बूतो किया पर्रनाह्क पंडायतोरटो।
Were we wearing shoes?,क्या हम जूते पहन रहे थे?,ब ? माट बूटक केर्रसोर मंदोम।
I respect them.,"उनका सम्मान करता हूँ,","ओरा मान-गुन कियातोना,"
At night the stars were shining.,रात को तारे चमक रहे थे।,नुलपे मिड़कौग मंजदूग।
A library is on a water ship.,पानी जहाज पर पुस्तकालय होता है।,एर्र जिहाज ते कागेतींग डेरा मन्‍ता।
The ponds of India have a shadow of peace.,भारत के तालाबों में शांति की छाया होती है।,भारत तंग तड़य सुगुम ता दड़य आयता।
The water may have caused the cancellation of the drought management recruitment.,पानी के कारण सूखा प्रबंधन भर्ती रद्द हो गई होगी।,पिर्र दा मारे नेल वत्तन्ना तुन साबुत कियन्ना ता नौकरी ते निहन्ना अटके मात होही।
"Keerthi G. writes from Madurai that many of her foreign friends,","मदुरै से कीर्ति जी लिखती हैं, कि उनके कई विदेशी दोस्त,",मदुरै ता कीर्ति कोटटये ता कि तान्नक कयो विदेशी गोतियालोरिट
"Am I not the string of ties, yet the strongest bond?","मैं रिश्तों की डोर नहीं, फिर भी सबसे मजबूत बंधन हूँ?","नन्‍ना नता न डोर आयोन, मति गला सबले मजगुत गट्ट आँदन ?"
"The world is closely watching the reforms we are making one after another, one after another.","हम एक के बाद एक, एक से जुड़े हुए जो Reforms कर रहे हैं, उसे दुनिया बहुत बारीकी से",माक वर्रोना पर्रेक कर्रोड़-कर्रोड तह जुड़े मालोर त्मवितउ कियान्तोर अदे बूम ते कुबेय परेक कियान्तोर
Folk singers of India are the bearers of emotions.,भारत के लोकगायक भावनाओं के वाहक होते हैं।,भारत तोर मानेयक पाटंग ओयवल बिचारिंनुंग ओयवलोर आयतोर।
I'd be loving the weather in the morning.,मैं सुबह का मौसम पसंद कर रहा होऊँगा।,नन्ना नर्रकीय पहर ता पाग बिचर कीसोर मन्दाका होही ।
Is she cooking fish?,क्या वह मछली पका रही है?,बाता द मीन्क अटयता
I would urge all my young friends to join this campaign.,मैं अपने सभी युवा साथियों को कहूँगा इस अभियान से जरूर जुड़ें।,नन्ना आपुना सप्पोय युवा गोतियालोरिट कुन इंदाका इद्द अभियान तह कचित मीले माक्ट।
The partition of India took place in 1947.,भारत का विभाजन 1947 में हुआ,भारत त बटवाड़ा 1947 ते आत।
Workers will be building bridges.,मजदूर पुल बना रहे होंगे।,कमेयल लोर पूल पंडसोर मन्दानुर होही।
"Mathematics, science, social science, and languages are taught in schools.",विद्यालयों में गणितए विज्ञानए सामाजिक विज्ञान और भाषाएँ पढ़ाई जाती हैं,"इस्कुहने गणित, विज्ञान, सामाजिक  विज्ञान अन पोल्लो नंग टप्पिंग पड़हेह कियना आयता।"
The water must have flooded.,पानी में बाढ़ आ गई होगी।,पिर्र दे उसा वात होही।
The British rule gave rise to the issues of migration of population.,अंग्रेजशासन ने जनसंख्या के प्रवास के मुद्दों को जन्म दिया,अंग्रेज सरकार जनसंख्या ता प्रवास तंग पोल्लोनूंग जनुम हीत।
Theft,चोरी,चोरी कियाना
"In India, the earthen lamp is considered a symbol of knowledge.",भारत में मिट्टी का दीप ज्ञान का प्रतीक माना जाता है।,भारत ते तोड़िय  ता दीप ज्ञान ता प्रतीक माने मायना आयता।
I urge you to visit these museums of your country whenever you get a chance.,"मेरा आपसे आग्रह है कि आपको जब भी मौका मिले, अपने देश के इन Museums को देखने जरुर जाएँ",नावा मीकुन बिनती किययतोना मीकुन बस्कैय वने मोका पुटतेक आपुना देशतंग इव कुन हूड़ला कच्चित दायना।
"I had the opportunity to visit the place, it is a kind of pilgrimage place, there are ancient temples etc. I was very impressed to see how people must have worked centuries ago.","मुझे उस स्थान पर जाने का अवसर मिला, यह एक प्रकार का तीर्थ स्थान है, यहां प्राचीन मंदिर आदि हैं। मैं यह देखकर बहुत प्रभावित हुआ कि सदियों पहले लोग किस प्रकार काम करते होंगे।",मोका पुट्टस मता इद उन्द प्रकार ता हुड़नह लेहका डेरा मन्द अगा पुड़ानंग मंदिर नना कुबैय प्रभावित आतन मूने बेरा बदाम मानेयक काम कीतूर होही
One gets to experience the culture while walking on the streets of India.,भारत की सड़कों पर चलते हुए भी संस्कृति का अनुभव होता है।,भारत ता सड़ेग ते ताकसोर गला बाना - बानिंग ते मुन्‍ने तहले पुंदले आयता।
Indian Railways train stations have waiting rooms and retiring rooms.,भारतीय रेलवे के ट्रेन स्टेशनों पर वेटिंग रूम और रिटायरिंग रूम होते हैं,"भारतीय रेलवे ता टेªन स्टेशन्क ते केपाना कोली अन्, रिटायरिंग कोली गला मन्तांग ।"
"The fruits obtained from the forest are leopard, mango, jamun, jamun, char dummar, etc.","जंगल से प्राप्त होने वाले फल तेंदु, आमख्, जाम, जामुन,चार डूमर आदि है।","कोटुम ते पुटन्नंग पंडिंग तुमरिंग, मर्रकंग, नेंडिंग, रैकंग, टाडोंग, हूरेंग, जामिंग आदूंग।"
"7. The early period in which the form of our Constitution was decided,","7. जिस शुरुआती दौर में, हमारे संविधान का स्वरुप तय किया गया,",अद मुन्नो दौरते मावा संविधान ता रूप -रेखा तुन तय कीतुर
She was terrified of the sword of triple talaq.,ट्रिपल तलाक की तलवार से डरी-सहमी रहती थीं।,मुंड बेरांग तासाना त तलवार तुन वरियस झिझके मास मतांग।
The woman of India is the first torch of change.,भारत की नारी परिवर्तन की पहली मशाल होती है।,भारत ता मुयतड़ बदलेह कियाना ता मूड़ ता डिया आयता।
"In the worship of India, the flower petal also symbolizes bhava.",भारत की पूजा में फूल की पंखुड़ी भी भाव का प्रतीक होती है।,भारत ता सेवा ते पुंगह ना आकींग गला दाम ता सीना आयता।
was for favourable governance.,अनुकूल शासन के लिए था।,अनुकुल शासन ता बाटा मत्ता।
You will always be telling the truth.,आप हमेशा सच बोल रहे होंगे।,निम्मा जरमे सत् इंदसोर मतोन होही।
It should be the endeavour of all of us to use only Indian handlooms and handicrafts as much as possible.,हम सभी का प्रयास होना चाहिए कि हम यथासंभव केवल भारतीय हथकरघा और हस्तशिल्प का ही उपयोग करें।,मावा सब जनना कोशित आयना आद कि सिरिप भारतीय कैयदे पण्डाना अन कारीगरी ता जादा से जादा उपयोग आई।
I didn't keep many secrets in my life.,मैंने अपने जीवन में बहुत रहस्य नहीं रखे।,नन्ना नावा जिलंगी ते कुबैय मकिहले हुड़ोने।
"Two Delhi-based daughters, Sagarika and Preksha, have also experimented with cashless day outs in a similar way.",दिल्ली की दो बेटियों सागरिका और प्रेक्षा ने भी कुछ इसी तरह कैशलेस डे आउट का प्रयोग किया,दिल्ली ता रेन्ड मियाड़ाक सागरिका अन प्रेक्षा अदामे ही ता कियानतोर
Strong winds can uproot trees.,तेज़ हवाएँ पेड़ों को उखाड़ सकती हैं,दुका वड़िय मर्रक कुन गला तेहक पर्रयता ।
"Somebody called my sister, somebody called my mother, somebody called my aunt, they respected my mother.","कोई माई दीदी, कोई मामी, काकी बोल माँ को मान देते थे","बददे बेहा दीदी, बद्‌‌दे आतो, काकी इंज यान सम्मान कीन्दूर"
The spirit of regional diversity speaks in the dialect of India.,भारत की बोली में क्षेत्रीय विविधता की आत्मा बोलती है।,भारत ता बोली-बासा ते वेगरोग-वेगरोह पल्‍ला न जीवा इनता।
"I am not afraid of light, yet I am afraid of darkness - tell me what am I?","मैं प्रकाश नहीं, फिर भी अंधेरे से डरता हूँ — बताओ मैं क्या हूँ?","नन्‍ना वेग आयोन, मति गला हीकट ते वर्रयतोना- वेहहट नना बोर आन्‍दन?"
I will always listen to you.,मैं हमेशा आपकी बात सुनूँगा।,ननबा जरमे निया पोल्लो केनजका।
We are working towards reaching it to every panchayat and the remaining one lakh panchayats are also working on it.,हम इसे हर पंचायत तक पहुंचाने के लक्य पर काम कर रहे हैं और बाकी एक लाख पंचायतों में भी ये काम चल रहा है।,माट इदेक सपय पंचायतीने अविहला काम कियांतोरोम अन पिसलेंग उंद लाख पंचायतीने गला इद काम चले मायता।
The mother had bought cloves for Didi from the market.,माँ ने दीदी के लिए बाजार से लौंगफूल खरीदी थी।,यायाल दीदी ना बाटा हाट तह लौंगफूली एस्स मत्ता
"Friends,","दोस्त,",गोतियालोर
