language,premise_en,hypothesis_en,premise,hypothesis,label
Mundari,"Tote, kare phasate, kare jaan dukute gonaye: misado hobaao: gaye.","Tote, kare phasate, kare jaan dukute gonaye: misado hobaao: gaye.",288,288,neutral
Mundari,"Our today's discussion of sports and fitness cannot be complete without another name - that of Poorna Malavath, a Mountaineer from Telangana.","Our today's discussion of sports and fitness cannot be complete without another name - that of Poorna Malavath, a Mountaineer from Telangana.",इनुङ-ओड़ो: फिटनेस रेअ: अबुअ: तिसिंङ रेअ: चर्चा ओड़ो: मियद् नुतुम बेगर दो का पूरा दाड़िओ:अ - नेआ नुतुम तनअ: तेलंगाना रेन mountaineer पूर्णा मालावथ रअः।,इनुङ-ओड़ो: फिटनेस रेअ: अबुअ: तिसिंङ रेअ: चर्चा ओड़ो: मियद् नुतुम बेगर दो का पूरा दाड़िओ:अ - नेआ नुतुम तनअ: तेलंगाना रेन mountaineer पूर्णा मालावथ रअः।,neutral
Bhili,"Shri Thaawarchand Gehlot, Union Minister for Social Justice and Empowerment inaugurated the Research and Development Building of Artificial Limbs Manufacturing Corporation of India (ALIMCO), Kanpur under the Ministry of Social Justice and Empowerment in virtual mode today","Shri Thaawarchand Gehlot, Union Minister for Social Justice and Empowerment inaugurated the Research and Development Building of Artificial Limbs Manufacturing Corporation of India (ALIMCO), Kanpur under the Ministry of Social Justice and Empowerment in virtual mode today","केन्‍द्रीय सामाजिक न्यायअने  अधिकारिता मंत्री श्री थावरचंद गहलोत मा आज वर्चुअल मोड मा सामाजिक न्याय अने  अधिकारिता मंत्रालय माई  अधीन भारतीय वगावेलु अंग निर्माण निगम (एएलआईएमसीओ), कानपुर की।  अनुसंधान अने  विकास भवन का सुरुआत करी।","केन्‍द्रीय सामाजिक न्यायअने  अधिकारिता मंत्री श्री थावरचंद गहलोत मा आज वर्चुअल मोड मा सामाजिक न्याय अने  अधिकारिता मंत्रालय माई  अधीन भारतीय वगावेलु अंग निर्माण निगम (एएलआईएमसीओ), कानपुर की।  अनुसंधान अने  विकास भवन का सुरुआत करी।",neutral
Bhili,I am deeply moved by the opportunity to speak in the Australian Parliament and look forward to spending the evening at the Melbourne Cricket Ground with Prime Minister Abbott.,I am deeply moved by the opportunity to speak in the Australian Parliament and look forward to spending the evening at the Melbourne Cricket Ground with Prime Minister Abbott.,हूॅ आस्ट्रेलिया नी संसद मा बोलवानो मोखो आलवा थी घणो प्रभावित थायों अने प्रधनमंत्री एबॉट नी हाते मेलबार्न क्रिकेट मैदान मा हांजे कोकावा नो वाट जोवी रियो से ।,हूॅ आस्ट्रेलिया नी संसद मा बोलवानो मोखो आलवा थी घणो प्रभावित थायों अने प्रधनमंत्री एबॉट नी हाते मेलबार्न क्रिकेट मैदान मा हांजे कोकावा नो वाट जोवी रियो से ।,neutral
Santali,"Responsible government was first granted to Nova Scotia in 1848, and was soon extended to the other British North American colonies.","Responsible government was first granted to Nova Scotia in 1848, and was soon extended to the other British North American colonies.",ᱜᱚᱵᱽᱵᱚᱨ ᱥᱤᱝᱦᱚ ᱫᱚ ᱟᱭᱟᱜ ᱠᱷᱟᱸᱴᱤ ᱵᱟᱲᱤᱡ ᱦᱚᱲ ᱵᱚᱫᱚᱞᱛᱮ ᱱᱚᱝᱠᱟᱱᱟᱜ ᱱᱟᱯᱟᱭ ᱠᱟᱹᱢᱤ ᱩᱱᱠᱩᱭ ᱞᱤᱪᱟᱹᱲ ᱞᱮᱫ ᱠᱚᱣᱟ ᱾,ᱜᱚᱵᱽᱵᱚᱨ ᱥᱤᱝᱦᱚ ᱫᱚ ᱟᱭᱟᱜ ᱠᱷᱟᱸᱴᱤ ᱵᱟᱲᱤᱡ ᱦᱚᱲ ᱵᱚᱫᱚᱞᱛᱮ ᱱᱚᱝᱠᱟᱱᱟᱜ ᱱᱟᱯᱟᱭ ᱠᱟᱹᱢᱤ ᱩᱱᱠᱩᱭ ᱞᱤᱪᱟᱹᱲ ᱞᱮᱫ ᱠᱚᱣᱟ ᱾,neutral
Bhili,"In such a diverse country, where there are more than a hundred languages and more than seventeen hundred dialects, it was not easy to create a consensus constitution, but our leaders made it possible.","In such a diverse country, where there are more than a hundred languages and more than seventeen hundred dialects, it was not easy to create a consensus constitution, but our leaders made it possible.",ऐवी अनी विविधता ना देह मा 100 थी वदारे भाषाएं अने हत्रे हो थी वदारे बोलियों ना हाते थाई ऐवु कोई संविधान बणावु सेहल नथी हतु पण अमारा नेताओं ये इनी वात ने पुरु करी दे दू।,ऐवी अनी विविधता ना देह मा 100 थी वदारे भाषाएं अने हत्रे हो थी वदारे बोलियों ना हाते थाई ऐवु कोई संविधान बणावु सेहल नथी हतु पण अमारा नेताओं ये इनी वात ने पुरु करी दे दू।,neutral
Mundari,"Oh, it was such a joy, it was so full of enthusiasm, so I said, what happened! Oh, India has dropped a bomb today.","Oh, it was such a joy, it was so full of enthusiasm, so I said, what happened! Oh, India has dropped a bomb today.","ओ इसु मरड. रसिका रअः जगर तनअः इनि नेका डेगव जद् तइकेनाए,ने लेका उमंग ते पेरेअकन तइकेना, दो अइञ् कजि किआ चिअः होबा जना! ओ कजि केदा तिसिड. भारत रे bomb रपुद केदा को।","ओ इसु मरड. रसिका रअः जगर तनअः इनि नेका डेगव जद् तइकेनाए,ने लेका उमंग ते पेरेअकन तइकेना, दो अइञ् कजि किआ चिअः होबा जना! ओ कजि केदा तिसिड. भारत रे bomb रपुद केदा को।",neutral
Bhili,"That is to say, when the intention is clear, there is sincerity in the efforts, then no goal is difficult. India is also facing a huge challenge today with this noble intention.","That is to say, when the intention is clear, there is sincerity in the efforts, then no goal is difficult. India is also facing a huge challenge today with this noble intention.","केवा नू मतलब ये ह के जेर नीयत असल होय, कोसिसों मां इमानदारी होय, ते फेर कोई पण काम काठू नी रे । भारत पण आज इना नेक नीयत थी एक घणी मोटी सुणौती( आफत) नो सामनो करी रया से ।","केवा नू मतलब ये ह के जेर नीयत असल होय, कोसिसों मां इमानदारी होय, ते फेर कोई पण काम काठू नी रे । भारत पण आज इना नेक नीयत थी एक घणी मोटी सुणौती( आफत) नो सामनो करी रया से ।",neutral
Bhili,"Modi said that despite ""absolute clarity"" on the CAA, some people are deliberately spreading rumours about the new citizenship law to serve political interests.","Modi said that despite ""absolute clarity"" on the CAA, some people are deliberately spreading rumours about the new citizenship law to serve political interests.",मोदी ये केदू की सीएए पर पूर्ण स्पष्टता नी बावजूद राजनीतिक नी हित साधनों हारू कुछ लोग न की नागरिकता कानून ना बारा मे जाणी करीन अफवा फेलावी रा से।,मोदी ये केदू की सीएए पर पूर्ण स्पष्टता नी बावजूद राजनीतिक नी हित साधनों हारू कुछ लोग न की नागरिकता कानून ना बारा मे जाणी करीन अफवा फेलावी रा से।,neutral
Mundari,"In India, it is mostly imported, but now, people are also taking the lead in self-sufficiency in Chia seeds.","In India, it is mostly imported, but now, people are also taking the lead in self-sufficiency in Chia seeds.","भारत रे नेआ के पुरअःते बाहिर ते गि मंगावअको, मेनदो नअः, चिया seeds   रे अपन रे गि निर्भर होबओः रअः बीड़ा ओ होड़ो को उठाव जदा।","भारत रे नेआ के पुरअःते बाहिर ते गि मंगावअको, मेनदो नअः, चिया seeds   रे अपन रे गि निर्भर होबओः रअः बीड़ा ओ होड़ो को उठाव जदा।",neutral
Bhili,"However, on 14 January 2015, the life sentence was overturned and Kho Jabing's death sentence was reinstated once again on appeal by the prosecution.","However, on 14 January 2015, the life sentence was overturned and Kho Jabing's death sentence was reinstated once again on appeal by the prosecution.","पण, 14 जनवरी 2015 नो, आजीवन कारावास ने पलटी दिदु ग्यु अने खो जाबिंग ने अनियोजन नी अपील पर एक वार फेर थी मौत नी सजा बहाल करी दीदी ।","पण, 14 जनवरी 2015 नो, आजीवन कारावास ने पलटी दिदु ग्यु अने खो जाबिंग ने अनियोजन नी अपील पर एक वार फेर थी मौत नी सजा बहाल करी दीदी ।",neutral
Santali,"The place looks haunted and the owner is a paralyzed, elderly man who uses a wheelchair and is the father of a young girl, Maya.","The place looks haunted and the owner is a paralyzed, elderly man who uses a wheelchair and is the father of a young girl, Maya.",ᱱᱚᱣᱟ ᱫᱚ ᱠᱳᱞᱠᱟᱛᱟ ᱨᱮᱭᱟᱜ ᱡᱷᱚᱛᱚᱠᱷᱚᱱ ᱮᱱᱮᱢ ᱟᱱᱟᱜ ᱡᱳᱭᱱᱚ ᱢᱩᱫᱤᱞ ᱠᱟᱱᱟ ᱾,ᱱᱚᱣᱟ ᱫᱚ ᱠᱳᱞᱠᱟᱛᱟ ᱨᱮᱭᱟᱜ ᱡᱷᱚᱛᱚᱠᱷᱚᱱ ᱮᱱᱮᱢ ᱟᱱᱟᱜ ᱡᱳᱭᱱᱚ ᱢᱩᱫᱤᱞ ᱠᱟᱱᱟ ᱾,neutral
Mundari,"This New Year, promise yourself no chemicals, no shortcuts, yoga, good food, sleep on time, a little meditation, and most importantly, do what you look like, except with joy.","This New Year, promise yourself no chemicals, no shortcuts, yoga, good food, sleep on time, a little meditation, and most importantly, do what you look like, except with joy.","ने नवा सिरमा रे अपन रेगे कजि केटेः मे   no chemicals, no shortcut  कसरत, योग बुगिन जोमेअः सोमए रे गितिः, हुड़िङ लेका meditation  आर सोंबेनाते जरूड़ुआन, चिलकाम ले लोः तना चि, एना रसिका ते except  केम।","ने नवा सिरमा रे अपन रेगे कजि केटेः मे   no chemicals, no shortcut  कसरत, योग बुगिन जोमेअः सोमए रे गितिः, हुड़िङ लेका meditation  आर सोंबेनाते जरूड़ुआन, चिलकाम ले लोः तना चि, एना रसिका ते except  केम।",neutral
Bhili,"In his message, the President has said, Please accept my congratulations on your assumption of office as the President of Serbia following your landslide victory in the Presidential elections held on April 2, 2017.","In his message, the President has said, Please accept my congratulations on your assumption of office as the President of Serbia following your landslide victory in the Presidential elections held on April 2, 2017.",राष्‍ट्रपति ने आपड़ी चिट्टी मा केदूं की ०२ अप्रैल २०१७ ने दन राष्‍ट्रपति चुनाव मा आपड़ी मोटी जीत नी पुछाड़ी सर्बिया ना राष्‍ट्रपति नो जगा लेवा नी हारू दया करू से अने आज राम-राम की लेदो।,राष्‍ट्रपति ने आपड़ी चिट्टी मा केदूं की ०२ अप्रैल २०१७ ने दन राष्‍ट्रपति चुनाव मा आपड़ी मोटी जीत नी पुछाड़ी सर्बिया ना राष्‍ट्रपति नो जगा लेवा नी हारू दया करू से अने आज राम-राम की लेदो।,neutral
Bhili,This happened in 1904 when the United States won all three medals and in 1908 when three British teams occupied the podium.,This happened in 1904 when the United States won all three medals and in 1908 when three British teams occupied the podium.,यो ओगणीस हो स्यार मा थायो थो जेर संयुंक्त राज्य  ये ताण पदक जीत्या था। अन ओगणिस हो आठ मा ताण ब्रिटिश टिमो ये मंच पर कब्जो करे लो।,यो ओगणीस हो स्यार मा थायो थो जेर संयुंक्त राज्य  ये ताण पदक जीत्या था। अन ओगणिस हो आठ मा ताण ब्रिटिश टिमो ये मंच पर कब्जो करे लो।,neutral
Bhili,"On Janjatiya Gaurav Divas, the President paid homage to Bhagwan Birsa Munda at Ulihatu; addressed the Janjatiya Samagam at Shahdol.","On Janjatiya Gaurav Divas, the President paid homage to Bhagwan Birsa Munda at Ulihatu; addressed the Janjatiya Samagam at Shahdol.",आदिवासी यात्रा दिवस पर राष्‍ट्रपति यें खास मां भगवान बिरसा मुडा नें माळां पेहरां वीनें याद कार्यों शेहडोल मां आदिवासी समाजं नां मेळां नें भाषण आल्‍यों।,आदिवासी यात्रा दिवस पर राष्‍ट्रपति यें खास मां भगवान बिरसा मुडा नें माळां पेहरां वीनें याद कार्यों शेहडोल मां आदिवासी समाजं नां मेळां नें भाषण आल्‍यों।,neutral
Bhili,"Further, keeping in view the requests received from the stakeholders and the nationwide lockdown situation due to COVID-19, and in line with the relaxations given in statutory and regulatory compliances in other sectors, the date for implementation of the amendments made to the Indian Stamp Act, 1899 through the Finance Act 2019 and the rules framed thereunder was also further extended to 1st July, 2020.","Further, keeping in view the requests received from the stakeholders and the nationwide lockdown situation due to COVID-19, and in line with the relaxations given in statutory and regulatory compliances in other sectors, the date for implementation of the amendments made to the Indian Stamp Act, 1899 through the Finance Act 2019 and the rules framed thereunder was also further extended to 1st July, 2020.",इने अलावा  फायदा ले नारा भी मठेलियो  वातियो अन कोविड 19 ने कारण करेली देह्भरा लाकडाउन  नि दसिया ने ध्यान राखता जाईन अन बीजा सेक्टर माँ वैधानिक एव नियामकिय अनुपात माँ आलेली सूट ना अनुरूप मा वित्त अधिनिमाय 2019  ने जरिये भी भारतीय स्टाप अधिनियम 1899 मा केरल बदलाव अन एने अन्दर बनावेला कायदा ने लागु करवा नि तरीके माँ पण फेर अगत बढ़ाविन 1 जुलाई 2020 कर डे दी से द्य,इने अलावा  फायदा ले नारा भी मठेलियो  वातियो अन कोविड 19 ने कारण करेली देह्भरा लाकडाउन  नि दसिया ने ध्यान राखता जाईन अन बीजा सेक्टर माँ वैधानिक एव नियामकिय अनुपात माँ आलेली सूट ना अनुरूप मा वित्त अधिनिमाय 2019  ने जरिये भी भारतीय स्टाप अधिनियम 1899 मा केरल बदलाव अन एने अन्दर बनावेला कायदा ने लागु करवा नि तरीके माँ पण फेर अगत बढ़ाविन 1 जुलाई 2020 कर डे दी से द्य,neutral
Santali,"While there appears to have been little concern for theoretical astronomy, Mughal astronomers made advances in observational astronomy and produced nearly a hundred Zij treatises.","While there appears to have been little concern for theoretical astronomy, Mughal astronomers made advances in observational astronomy and produced nearly a hundred Zij treatises.","ᱵᱷᱟᱨᱚᱛ ᱨᱮ ᱟᱭᱢᱟ ᱥᱮᱨᱣᱟᱼᱟᱱᱟᱜ ᱴᱚᱴᱷᱟᱠᱤᱭᱟᱹ ᱢᱟᱨᱥᱟᱞ ᱟᱨᱴ ᱢᱮᱱᱟᱼᱟ, ᱡᱮᱞᱮᱠᱟ ᱞᱟᱹᱴᱷᱤ ᱠᱷᱮᱞ, ᱥᱠᱳᱣᱟ, ᱠᱟᱞᱟᱨᱤ, ᱠᱩᱥᱛᱤ, ᱛᱷᱟᱝᱜᱼᱛᱟ ᱟᱨ ᱥᱤᱞᱟᱢᱵᱟᱢ ᱾","ᱵᱷᱟᱨᱚᱛ ᱨᱮ ᱟᱭᱢᱟ ᱥᱮᱨᱣᱟᱼᱟᱱᱟᱜ ᱴᱚᱴᱷᱟᱠᱤᱭᱟᱹ ᱢᱟᱨᱥᱟᱞ ᱟᱨᱴ ᱢᱮᱱᱟᱼᱟ, ᱡᱮᱞᱮᱠᱟ ᱞᱟᱹᱴᱷᱤ ᱠᱷᱮᱞ, ᱥᱠᱳᱣᱟ, ᱠᱟᱞᱟᱨᱤ, ᱠᱩᱥᱛᱤ, ᱛᱷᱟᱝᱜᱼᱛᱟ ᱟᱨ ᱥᱤᱞᱟᱢᱵᱟᱢ ᱾",neutral
Bhili,"According to animism, non-human entities also have souls. Almost the entire 1-5% population of India is considered animist, an integral part of tribal life.","According to animism, non-human entities also have souls. Almost the entire 1-5% population of India is considered animist, an integral part of tribal life.","एनिमिज्म न विसार बीना, मनखु नी संस्था म मन होवे से। भारत नी करीब-करीब 1.5 आबादी एनिमिस्ट मानई जावे से। जीन आदावासी जीवन न खास हिस्सों से।","एनिमिज्म न विसार बीना, मनखु नी संस्था म मन होवे से। भारत नी करीब-करीब 1.5 आबादी एनिमिस्ट मानई जावे से। जीन आदावासी जीवन न खास हिस्सों से।",neutral
Bhili,"Since its inception, Ordnance Factories has developed itself into one of the largest defence manufacturing groups in the world with more than 90% indigenous components and a very robust technical and R & D infrastructure, currently contributing 25% of the total revenue.","Since its inception, Ordnance Factories has developed itself into one of the largest defence manufacturing groups in the world with more than 90% indigenous components and a very robust technical and R & D infrastructure, currently contributing 25% of the total revenue.","आपडी सरूवात मा आयुध कारखाना मा खुद नी दनिया मा सबथी मोटी रक्षा विनिर्माण समिति ना रूप् विकसित करी लेदू से जिनमा 90 परसेट वदार आपडा देह ना कलमुर्जे अने इना हाते थी ता वदार कडक मशीन अने जोवा वाळा विकास संबंधी बुनियादी ढांचा मा सविधा मा से , अने हमणे वर्तमान ना कुल राजस्व मा 25 परसेट मदद करी से।","आपडी सरूवात मा आयुध कारखाना मा खुद नी दनिया मा सबथी मोटी रक्षा विनिर्माण समिति ना रूप् विकसित करी लेदू से जिनमा 90 परसेट वदार आपडा देह ना कलमुर्जे अने इना हाते थी ता वदार कडक मशीन अने जोवा वाळा विकास संबंधी बुनियादी ढांचा मा सविधा मा से , अने हमणे वर्तमान ना कुल राजस्व मा 25 परसेट मदद करी से।",neutral
Bhili,"If you want to eliminate infiltrators in Jharkhand, you will have to bring the Bharatiya Janata Party to power. This time the youth of Jharkhand will show their strength and support the common people.","If you want to eliminate infiltrators in Jharkhand, you will have to bring the Bharatiya Janata Party to power. This time the youth of Jharkhand will show their strength and support the common people.",कदी तमु झारखंड मा घुसपैठियु ने खतम करवा मांगो से तेर तमुने भारतीय जनता पार्टी (संसदीय) ने राज तक लावू पड़हे। इनी वखत झारखण्ड ना जुवान्या आपड़ी ताकत वताड़हे। अन आम लोकू नो हात देवो पड़हे।,कदी तमु झारखंड मा घुसपैठियु ने खतम करवा मांगो से तेर तमुने भारतीय जनता पार्टी (संसदीय) ने राज तक लावू पड़हे। इनी वखत झारखण्ड ना जुवान्या आपड़ी ताकत वताड़हे। अन आम लोकू नो हात देवो पड़हे।,neutral
Mundari,"The festival has a special place in Kerala culture and the predominant language is Assamese, where people often wear pherans.","The festival has a special place in Kerala culture and the predominant language is Assamese, where people often wear pherans.","केरल रअः ससंकिर रे नेग रअः बिसेस टयद् मेनअः ओड़ोः नेतअः रअः मूल जगर असमिया तनअः, ओकतअः रे होड़ोको जनव फिरन को तुसिङएन तना।","केरल रअः ससंकिर रे नेग रअः बिसेस टयद् मेनअः ओड़ोः नेतअः रअः मूल जगर असमिया तनअः, ओकतअः रे होड़ोको जनव फिरन को तुसिङएन तना।",neutral
Mundari,"Durga - So, is it like asking for embers? First of all, there is greeting with the person met, then there is tobacco and so on.","Durga - So, is it like asking for embers? First of all, there is greeting with the person met, then there is tobacco and so on.","दुरगा, एनकन जगर, दाना, सेंगेल असितन लेका चि'डोः जगरोअ  ? सिदाउतरतेदो नपमजन होड़ो लोः जोपोअ रोअ; एनते चुना तमकुउःअ; ओड़ोः एटगअ:को जगरतन लोः दङ नेकन जगर एटेगो ।","दुरगा, एनकन जगर, दाना, सेंगेल असितन लेका चि'डोः जगरोअ  ? सिदाउतरतेदो नपमजन होड़ो लोः जोपोअ रोअ; एनते चुना तमकुउःअ; ओड़ोः एटगअ:को जगरतन लोः दङ नेकन जगर एटेगो ।",neutral
Bhili,"While his parents are professors at Variety, four siblings have also received their higher education at Jamia.","While his parents are professors at Variety, four siblings have also received their higher education at Jamia.",ंजेर कि तिनाना आइ-बा वैरिटी मा प्रोफेसर से चार भाइ-बेने ने पण जामिया मा आपडी उंसी शिक्षा प्राप्त करी से।,ंजेर कि तिनाना आइ-बा वैरिटी मा प्रोफेसर से चार भाइ-बेने ने पण जामिया मा आपडी उंसी शिक्षा प्राप्त करी से।,neutral
Bhili,"Initially promising negotiations failed, so on his way back to Raigad, Shivaji defeated his half-brother's army on 26 November 1677 and seized most of its possessions in the Mysore plateau.","Initially promising negotiations failed, so on his way back to Raigad, Shivaji defeated his half-brother's army on 26 November 1677 and seized most of its possessions in the Mysore plateau.",शरू मा मानतेला ती वाते नी सफल रीए तीन हारू रायगढ हू आवता वखत शिवाजी ये 26 नवंबर 1677 ने दन आपडा सौतेला भाई नी सेना ने भी हरावी देदी ए अन मैसूर ना पठार तीनू वदूहीं वदू धन दौलत हडपी लेदीं द्य,शरू मा मानतेला ती वाते नी सफल रीए तीन हारू रायगढ हू आवता वखत शिवाजी ये 26 नवंबर 1677 ने दन आपडा सौतेला भाई नी सेना ने भी हरावी देदी ए अन मैसूर ना पठार तीनू वदूहीं वदू धन दौलत हडपी लेदीं द्य,neutral
Bhili,Sri Hari जी.वी.: There were six countries that were there.,Sri Hari जी.वी.: There were six countries that were there.,श्री हरि जी. वी. : तां पर छह ( six ) country आवेली जिनमा हुती,श्री हरि जी. वी. : तां पर छह ( six ) country आवेली जिनमा हुती,neutral
Santali,The protest started as Occupy Marina protest along with sit-ins at large grounds across the state.,The protest started as Occupy Marina protest along with sit-ins at large grounds across the state.,ᱯᱚᱱᱚᱛ ᱡᱟᱠᱟᱛ ᱟᱹᱰᱤ ᱢᱟᱨᱟᱝ ᱜᱚᱰᱟ ᱨᱮ ᱛᱟᱦᱮᱸ ᱥᱟᱶ ᱥᱟᱶ ᱛᱮ ᱚᱠᱩᱯᱟᱭ ᱢᱮᱨᱤᱱᱟ ᱡᱟᱜᱮᱸ ᱫᱟᱨᱟᱢ ᱞᱮᱠᱟᱛᱮ ᱨᱟᱸᱜᱟᱶᱱᱟ ᱦᱳᱭ ᱞᱮᱱᱟ ᱾,ᱯᱚᱱᱚᱛ ᱡᱟᱠᱟᱛ ᱟᱹᱰᱤ ᱢᱟᱨᱟᱝ ᱜᱚᱰᱟ ᱨᱮ ᱛᱟᱦᱮᱸ ᱥᱟᱶ ᱥᱟᱶ ᱛᱮ ᱚᱠᱩᱯᱟᱭ ᱢᱮᱨᱤᱱᱟ ᱡᱟᱜᱮᱸ ᱫᱟᱨᱟᱢ ᱞᱮᱠᱟᱛᱮ ᱨᱟᱸᱜᱟᱶᱱᱟ ᱦᱳᱭ ᱞᱮᱱᱟ ᱾,neutral
Bhili,"Under a flowering tree stand three ayagapatas or grand stupas and a statue of Ambika, with her child and an attendant standing with her vehicle, the lion.","Under a flowering tree stand three ayagapatas or grand stupas and a statue of Ambika, with her child and an attendant standing with her vehicle, the lion.",एकफुल वाहा झाड ना नीचे तीन अयगपटव भव्य स्तूप अने अबिंका नी एक मुर्ति उभी से जीमा तीना छोरा अने एक मदद वाळा नी हाते तीना गाडी शेर उबा से।,एकफुल वाहा झाड ना नीचे तीन अयगपटव भव्य स्तूप अने अबिंका नी एक मुर्ति उभी से जीमा तीना छोरा अने एक मदद वाळा नी हाते तीना गाडी शेर उबा से।,neutral
Bhili,"Preneet: Sir, I would like to say two things from my experience of a few years. The first thing is that if one has to start, this is the right time because today India is the fastest growing economy in the world.","Preneet: Sir, I would like to say two things from my experience of a few years. The first thing is that if one has to start, this is the right time because today India is the fastest growing economy in the world.","प्रनित: सर हुँ, आपड़ कयना वरहुं नी ज्ञान नी बे वातीयुं करवा करूं से। पेलखी वात ये से कि अन भारत दनियां नी सबथी वेगी बढती अर्थव्यवस्था से।","प्रनित: सर हुँ, आपड़ कयना वरहुं नी ज्ञान नी बे वातीयुं करवा करूं से। पेलखी वात ये से कि अन भारत दनियां नी सबथी वेगी बढती अर्थव्यवस्था से।",neutral
Mundari,"Dance has a special place in Delhi's culture and the dominant language is Marathi, where people often wear lungis.","Dance has a special place in Delhi's culture and the dominant language is Marathi, where people often wear lungis.","दिल्ली रेअः ससंकिर रे सुसुन रअः बिसेस टयद् मेनअः ओड़ोः नेतअः रअः मूल जगर मराठी तनअः, ओकतअः रे होड़ोको जनव लुंगी को तुसिङएअ।","दिल्ली रेअः ससंकिर रे सुसुन रअः बिसेस टयद् मेनअः ओड़ोः नेतअः रअः मूल जगर मराठी तनअः, ओकतअः रे होड़ोको जनव लुंगी को तुसिङएअ।",neutral
Mundari,"After Sahib left, they said, ""A very ignorant man found us, we churned the curd in vain, and at night, after Sahib had gone to sleep in his tent, we will filter the fish back out of the water.""","After Sahib left, they said, ""A very ignorant man found us, we churned the curd in vain, and at night, after Sahib had gone to sleep in his tent, we will filter the fish back out of the water.""","सयोब् सेनोःजनचिको मेनकेदा, “केनटेद् डोनडो होड़ो नमकेद्बुअ; समागेबु रुब्केना; अयुब् दिपिलि, सयोब् अएअः डेरारेए दुड़ुमजनते, एन हइकोबु ओवर रुअड़कोअ।”","सयोब् सेनोःजनचिको मेनकेदा, “केनटेद् डोनडो होड़ो नमकेद्बुअ; समागेबु रुब्केना; अयुब् दिपिलि, सयोब् अएअः डेरारेए दुड़ुमजनते, एन हइकोबु ओवर रुअड़कोअ।”",neutral
Bhili,He recalled the Israeli operation in Entebbe exactly 41 years ago on July 4 when Prime Minister Netanyahu's elder brother sacrificed his life while saving several Israeli hostages.,He recalled the Israeli operation in Entebbe exactly 41 years ago on July 4 when Prime Minister Netanyahu's elder brother sacrificed his life while saving several Israeli hostages.,ईहुयी ठीक इकतालीस वरह पेहले चार जुलाई ना एटेबा मा इजराइल आपरेशन नी याद करी तेर प्रधानमंत्री नेतन्याहू नो नोवे।,ईहुयी ठीक इकतालीस वरह पेहले चार जुलाई ना एटेबा मा इजराइल आपरेशन नी याद करी तेर प्रधानमंत्री नेतन्याहू नो नोवे।,neutral
Mundari,"Ruitola then grabbed the cloth in the middle and lifted it, three girls crossed through the empty space, followed by Lochon, and the cloth was completely removed from the door.","Ruitola then grabbed the cloth in the middle and lifted it, three girls crossed through the empty space, followed by Lochon, and the cloth was completely removed from the door.","एनतेदो रूइटोला, लिजअः तलारेए सब्केद्तेए दोनदोकेदा; एन पोंकाते अपि होड़ो कुड़िको परोमजना; इनकुअः तयोमते लोचोन बोलोजना, अद् दुअरेते लिजअः ओचोः उतरतना।","एनतेदो रूइटोला, लिजअः तलारेए सब्केद्तेए दोनदोकेदा; एन पोंकाते अपि होड़ो कुड़िको परोमजना; इनकुअः तयोमते लोचोन बोलोजना, अद् दुअरेते लिजअः ओचोः उतरतना।",neutral
Bhili,"In the journey towards this century, all of you have made'Mann Ki Baat'a wonderful platform for public participation.","In the journey towards this century, all of you have made'Mann Ki Baat'a wonderful platform for public participation.",इनी सदी नी अनें यात्रा मां तमुं हगळांयें मन नी वात नें सार्वजनिंक सहभागिता नां रूप मां एक अदभुत मंन बणावी दे दुं से।,इनी सदी नी अनें यात्रा मां तमुं हगळांयें मन नी वात नें सार्वजनिंक सहभागिता नां रूप मां एक अदभुत मंन बणावी दे दुं से।,neutral
Bhili,"He openly interacted with Hindus who are being harassed in West Bengal for chanting'Jai Shri Ram ', and extended support to Muslims in the state.","He openly interacted with Hindus who are being harassed in West Bengal for chanting'Jai Shri Ram ', and extended support to Muslims in the state.",तिहुयी खुला करी ने तिना हिन्दुओं नी हाते वात करी तीना जय श्री राम ना नारा लगाड़वा उपर पश्सिम बंगाल मां परेशान करी रया से अन राज्य मां मुस्लिमों ने मदत आली रया से।,तिहुयी खुला करी ने तिना हिन्दुओं नी हाते वात करी तीना जय श्री राम ना नारा लगाड़वा उपर पश्सिम बंगाल मां परेशान करी रया से अन राज्य मां मुस्लिमों ने मदत आली रया से।,neutral
Mundari,"Thereafter, the first part of the book'A Mundari Grammar with Excercises'written in Roman script by Fr. ID1 Sahib was printed from Pragati Press Ranchi and the second part from Catholic Orphan Press, 4 Portuguese Church Street, Calcutta.","Thereafter, the first part of the book'A Mundari Grammar with Excercises'written in Roman script by Fr. ID1 Sahib was printed from Pragati Press Ranchi and the second part from Catholic Orphan Press, 4 Portuguese Church Street, Calcutta.","एनाते फादर जे.बी.हॉफमैन गोमके रोमन लिपि तेए: ओललेद् होड़ो जगर इतुन पुथि ' ए मुण्डारी ग्रामर विथ इक्सरसाइजेज्' रेअ: सिदा हनाटिंग् प्रगति प्रेस राँची आते ओड़ोः तयोम हनाटिंग् कॉथलिक ऑरफन प्रेस, 4 पुर्तगीज चर्च स्ट्रीट, कलकत्ता ते छपा लेना।","एनाते फादर जे.बी.हॉफमैन गोमके रोमन लिपि तेए: ओललेद् होड़ो जगर इतुन पुथि ' ए मुण्डारी ग्रामर विथ इक्सरसाइजेज्' रेअ: सिदा हनाटिंग् प्रगति प्रेस राँची आते ओड़ोः तयोम हनाटिंग् कॉथलिक ऑरफन प्रेस, 4 पुर्तगीज चर्च स्ट्रीट, कलकत्ता ते छपा लेना।",neutral
Bhili,"More than 10,000 camps have been conducted in more than 100 districts since 25 December 2023 to complete data collection and validation.","More than 10,000 camps have been conducted in more than 100 districts since 25 December 2023 to complete data collection and validation.","ओकडा भेळा करवा अने इनी जांच पूरी करवा ने ळिदे 25 दिसम्बर 2023 थी 100 थी वदु जिळाा मां 10,000 थी वदु शिविर ळगाडीया ग्या से।","ओकडा भेळा करवा अने इनी जांच पूरी करवा ने ळिदे 25 दिसम्बर 2023 थी 100 थी वदु जिळाा मां 10,000 थी वदु शिविर ळगाडीया ग्या से।",neutral
Mundari,"Dance has a special place in Odisha's culture and the dominant language is Nepali, where people often wear turbans.","Dance has a special place in Odisha's culture and the dominant language is Nepali, where people often wear turbans.","ओड़िसा रेअः ससंकिर रे सुसुन रअः बिसेस टयद् मेनअः ओड़ोः नेतअः रेअः मूल जगर नेपाली तनअः, ओकतअः रे होड़ोको जनव पगड़ि को तुसिङएअः।","ओड़िसा रेअः ससंकिर रे सुसुन रअः बिसेस टयद् मेनअः ओड़ोः नेतअः रेअः मूल जगर नेपाली तनअः, ओकतअः रे होड़ोको जनव पगड़ि को तुसिङएअः।",neutral
Mundari,"Everyone has diversity, has potential, we have zero defect, zero effect for the Global Market, how to manufacture it and if we emphasize on its export while introducing this diversity to the world, we will work towards capturing the world market, then the youth of the country will get employment.","Everyone has diversity, has potential, we have zero defect, zero effect for the Global Market, how to manufacture it and if we emphasize on its export while introducing this diversity to the world, we will work towards capturing the world market, then the youth of the country will get employment.","सोबेन मिमियद् कोतअः रे अपन-अपन सेंडा को मेनागा पेड़े: दड़ि को मेनागा, अञं ग्लोबल पीटी रेअः मेन्ते जेतन दुसि का, जेतनअः रेअः टोः कोअएते एनारेअः पोएसा चिलिका होबाओः लगातिङा  ओड़ोः ने बिपिनगा को आएते दिसुम रेअः उनुरूम को उदुब जालोः ते अगर अबु एन मियद् दिसुमा एते एटअः दिसुम कोरेअः ते बेपार कोरे पेडेःबु ओम केआ दो, दिसुम रेअः पीटी को एसेर रेअः होरा कोरे अबु बु कमिआ,तोबेदो एनङ दिसुम रेन दंगड़ा को कमि-उदम को नमेआ।","सोबेन मिमियद् कोतअः रे अपन-अपन सेंडा को मेनागा पेड़े: दड़ि को मेनागा, अञं ग्लोबल पीटी रेअः मेन्ते जेतन दुसि का, जेतनअः रेअः टोः कोअएते एनारेअः पोएसा चिलिका होबाओः लगातिङा  ओड़ोः ने बिपिनगा को आएते दिसुम रेअः उनुरूम को उदुब जालोः ते अगर अबु एन मियद् दिसुमा एते एटअः दिसुम कोरेअः ते बेपार कोरे पेडेःबु ओम केआ दो, दिसुम रेअः पीटी को एसेर रेअः होरा कोरे अबु बु कमिआ,तोबेदो एनङ दिसुम रेन दंगड़ा को कमि-उदम को नमेआ।",neutral
Bhili,"In an exclusive interview to The Tribune to mark the completion of two years of the BJP government, Health Minister J P Nadda said discussions are on in the GoM on legislation to regulate surrogacy.","In an exclusive interview to The Tribune to mark the completion of two years of the BJP government, Health Minister J P Nadda said discussions are on in the GoM on legislation to regulate surrogacy.",भाजपा सरकार ना 2 वरहू पूरा थावा ना उपलक्ष्य मा ट्रिब्यून थी ख़ास वातचीत मा स्वास्थ्य मंत्री जेपी नड्डा थी केदू बयरी यूनी सरोगेरी ने कावा मा लेवा हारू बणावा वाला कानून पर मंत्री ना टोला मा मनमा नोदवानी जारी से।,भाजपा सरकार ना 2 वरहू पूरा थावा ना उपलक्ष्य मा ट्रिब्यून थी ख़ास वातचीत मा स्वास्थ्य मंत्री जेपी नड्डा थी केदू बयरी यूनी सरोगेरी ने कावा मा लेवा हारू बणावा वाला कानून पर मंत्री ना टोला मा मनमा नोदवानी जारी से।,neutral
Mundari,"These artworks include helicopters, cars, and cannons. Beautiful hanging flowerpots have also been created.","These artworks include helicopters, cars, and cannons. Beautiful hanging flowerpots have also been created.","""ने Art Work रे हेलीकोप्टर, कार ओड़ोः तोपकोओ जमा कना। सुगड़ा हैंगिंग flower pots  ओ बइआ कना।""","""ने Art Work रे हेलीकोप्टर, कार ओड़ोः तोपकोओ जमा कना। सुगड़ा हैंगिंग flower pots  ओ बइआ कना।""",neutral
Mundari,"One man began to distribute hay, soaked in water, for four pies, and another began to distribute yoke, bringing a rope of pestle.","One man began to distribute hay, soaked in water, for four pies, and another began to distribute yoke, bringing a rope of pestle.","मिद् होड़ो दो तुपुअकन बद्चोम अउ केचि, परकोम बयरे उइङतना; ओड़ोः मिअनि दो, रुड़ङ बयर अउ केते, नंगालिइ पटअ: तना।","मिद् होड़ो दो तुपुअकन बद्चोम अउ केचि, परकोम बयरे उइङतना; ओड़ोः मिअनि दो, रुड़ङ बयर अउ केते, नंगालिइ पटअ: तना।",neutral
Bhili,"Primary and secondary stage lesions may heal completely, but the destructive changes of tertiary yaws are largely irreversible.","Primary and secondary stage lesions may heal completely, but the destructive changes of tertiary yaws are largely irreversible.",प्राथमिक अने माध्‍यमिक चरण के घावपुरी तरह हो सकते लेकिन तृतीयक के विनाश कारी परिवर्तन काफी हद तक अपरिवर्तनीय है।,प्राथमिक अने माध्‍यमिक चरण के घावपुरी तरह हो सकते लेकिन तृतीयक के विनाश कारी परिवर्तन काफी हद तक अपरिवर्तनीय है।,neutral
Santali,"The host city is to be named on September 7 at the 125th IOC Session in Buenos Aires, where a new IOC President is also to be chosen.","The host city is to be named on September 7 at the 125th IOC Session in Buenos Aires, where a new IOC President is also to be chosen.",ᱤᱱᱰᱤᱭᱟᱱ ᱠᱟᱣᱩᱱᱥᱤᱞ ᱯᱷᱚᱨ ᱢᱮᱰᱤᱠᱮᱞ ᱨᱤᱥᱟᱨᱪ ᱛᱟᱹᱨᱤᱨᱮ ᱑᱙᱕᱖ᱼ᱖᱓ ᱥᱟᱞ ᱨᱮ ᱵᱷᱟᱨᱚᱛ 'ᱴᱨᱮᱠᱳᱢᱟ ᱠᱚᱱᱴᱨᱳᱟᱞ ᱯᱟᱭᱞᱚᱴ ᱯᱨᱚᱡᱮᱴ' ᱦᱚᱛᱮᱛᱮ ᱢᱚᱦᱟᱢᱟᱨᱤ ᱤᱫᱤ ᱠᱟᱛᱮᱜ ᱠᱷᱚᱸᱫᱽᱨᱚᱫᱽ ᱪᱟᱼᱪᱟᱞᱟᱣ ᱦᱩᱭ ᱞᱮᱱᱟ ᱾,ᱤᱱᱰᱤᱭᱟᱱ ᱠᱟᱣᱩᱱᱥᱤᱞ ᱯᱷᱚᱨ ᱢᱮᱰᱤᱠᱮᱞ ᱨᱤᱥᱟᱨᱪ ᱛᱟᱹᱨᱤᱨᱮ ᱑᱙᱕᱖ᱼ᱖᱓ ᱥᱟᱞ ᱨᱮ ᱵᱷᱟᱨᱚᱛ 'ᱴᱨᱮᱠᱳᱢᱟ ᱠᱚᱱᱴᱨᱳᱟᱞ ᱯᱟᱭᱞᱚᱴ ᱯᱨᱚᱡᱮᱴ' ᱦᱚᱛᱮᱛᱮ ᱢᱚᱦᱟᱢᱟᱨᱤ ᱤᱫᱤ ᱠᱟᱛᱮᱜ ᱠᱷᱚᱸᱫᱽᱨᱚᱫᱽ ᱪᱟᱼᱪᱟᱞᱟᱣ ᱦᱩᱭ ᱞᱮᱱᱟ ᱾,neutral
Mundari,"In the past, many states have carried out many campaigns using this season, the Government of India also passed a'CAMPA'law recently, due to this, more than forty thousand crores are going to the states for tree plantation.","In the past, many states have carried out many campaigns using this season, the Government of India also passed a'CAMPA'law recently, due to this, more than forty thousand crores are going to the states for tree plantation.","सेनोओ जन दिन कोरे चिमिन राइज कोरे साः रअः कमि रे अउ केआते चिमिन गि अभियान चलाव कना, भारत सरकारओ मियद् ‘CAMPA’ अइन नअः-नअः लागु कदा, नेअः रअः कारन दरु को रोए मेनते हलाजोला बर हिसि हजार करोड़ तेओ पुरअः राइज कोतअः से रअः मेनअः।","सेनोओ जन दिन कोरे चिमिन राइज कोरे साः रअः कमि रे अउ केआते चिमिन गि अभियान चलाव कना, भारत सरकारओ मियद् ‘CAMPA’ अइन नअः-नअः लागु कदा, नेअः रअः कारन दरु को रोए मेनते हलाजोला बर हिसि हजार करोड़ तेओ पुरअः राइज कोतअः से रअः मेनअः।",neutral
Mundari,One night Bandua is telling the youth - Today I went to Bandgaon Haat and I heard such things that a new religion is being started among the Munda children in that direction.,One night Bandua is telling the youth - Today I went to Bandgaon Haat and I heard such things that a new religion is being started among the Munda children in that direction.,"मुसिङ अयुब बनडुअ जगरकोतना - तिसिङ बनदेगंव पीटिङ सेनकेना अद् कजिङ अयुमकेदा, एनतेरे मिअद् नवा धरम चलव एटे:जना मुनडा होनकोरे।","मुसिङ अयुब बनडुअ जगरकोतना - तिसिङ बनदेगंव पीटिङ सेनकेना अद् कजिङ अयुमकेदा, एनतेरे मिअद् नवा धरम चलव एटे:जना मुनडा होनकोरे।",neutral
Bhili,"Which government was with us? Which weapons did we have? There was a Gandhi, there was a Sardar, and there was Lakshavati, a freedom fighter, and there was such a huge sultanate.","Which government was with us? Which weapons did we have? There was a Gandhi, there was a Sardar, and there was Lakshavati, a freedom fighter, and there was such a huge sultanate.","कईनी सरकार अमारा हातें हती? कईना (हतियारं) औजारां अमारे कने हतां? एकस गांधी हतो, सरदार हंतो अने हंगळी वात्युं मा घनी सुटकारा वाळां जोदा हता अने इनानी मोटी ताकत हती।","कईनी सरकार अमारा हातें हती? कईना (हतियारं) औजारां अमारे कने हतां? एकस गांधी हतो, सरदार हंतो अने हंगळी वात्युं मा घनी सुटकारा वाळां जोदा हता अने इनानी मोटी ताकत हती।",neutral
Mundari,"113. a tree of a single seed, with a multitude of fruits on it - potter's wheel","113. a tree of a single seed, with a multitude of fruits on it - potter's wheel",113. मिद् बितागे दारू एनारेअः गेदला जो। -  कुंकल चका,113. मिद् बितागे दारू एनारेअः गेदला जो। -  कुंकल चका,neutral
Mundari,"Most of the shops are uncluttered, but some are in affluent restaurants, apartments, or retail stores and you'll have to dress well to look cozy.","Most of the shops are uncluttered, but some are in affluent restaurants, apartments, or retail stores and you'll have to dress well to look cozy.","साङगिते साङगि दोकानको बेगार चपलगे मेनाः, मेनदो हुड़िङ दोकानको इसु पोकोतो रेष्टोरेनतेअः, ओड़ाःकोरे कारेदो खुचुरा दोकानरे मेनाः ओड़ोः आपेके एनतअः जुगुतु-जुगुतु लेलोः मेनते बुगिन लिजाः तुसिङ होबाओअः। ""","साङगिते साङगि दोकानको बेगार चपलगे मेनाः, मेनदो हुड़िङ दोकानको इसु पोकोतो रेष्टोरेनतेअः, ओड़ाःकोरे कारेदो खुचुरा दोकानरे मेनाः ओड़ोः आपेके एनतअः जुगुतु-जुगुतु लेलोः मेनते बुगिन लिजाः तुसिङ होबाओअः। """,neutral
Bhili,"There is so much talk of this change, that many people from abroad have started coming to see it. The most special thing about this successful effort is that the young people who started the campaign are chartered accountants.","There is so much talk of this change, that many people from abroad have started coming to see it. The most special thing about this successful effort is that the young people who started the campaign are chartered accountants.",इना बदलाव नी एतरी सर्सा से के परदेह थी पण मनख इन देखवा आवा लाग्या से । इनी सफल कोसिस नी सबथी खास वात ये से के अभियान सरू करवा वाला जवान चार्टेड अकांटेड से |,इना बदलाव नी एतरी सर्सा से के परदेह थी पण मनख इन देखवा आवा लाग्या से । इनी सफल कोसिस नी सबथी खास वात ये से के अभियान सरू करवा वाला जवान चार्टेड अकांटेड से |,neutral
